-- phpMyAdmin SQL Dump
-- version 5.2.1
-- https://www.phpmyadmin.net/
--
-- Hôte : 127.0.0.1
-- Généré le : ven. 10 avr. 2026 à 01:19
-- Version du serveur : 10.4.32-MariaDB
-- Version de PHP : 8.2.12

SET SQL_MODE = "NO_AUTO_VALUE_ON_ZERO";
START TRANSACTION;
SET time_zone = "+00:00";


/*!40101 SET @OLD_CHARACTER_SET_CLIENT=@@CHARACTER_SET_CLIENT */;
/*!40101 SET @OLD_CHARACTER_SET_RESULTS=@@CHARACTER_SET_RESULTS */;
/*!40101 SET @OLD_COLLATION_CONNECTION=@@COLLATION_CONNECTION */;
/*!40101 SET NAMES utf8mb4 */;

--
-- Base de données : `scolarite`
--

-- --------------------------------------------------------

--
-- Structure de la table `admin`
--

CREATE TABLE `admin` (
  `id` int(11) NOT NULL,
  `nom` varchar(100) NOT NULL,
  `email` varchar(100) NOT NULL,
  `mot_de_passe` varchar(255) DEFAULT NULL
) ENGINE=InnoDB DEFAULT CHARSET=utf8mb4 COLLATE=utf8mb4_general_ci;

--
-- Déchargement des données de la table `admin`
--

INSERT INTO `admin` (`id`, `nom`, `email`, `mot_de_passe`) VALUES
(1, 'admin', 'admin@scolarite.com', 'scolarite');

-- --------------------------------------------------------

--
-- Structure de la table `enseignants`
--

CREATE TABLE `enseignants` (
  `id` int(11) NOT NULL,
  `nom` varchar(100) NOT NULL,
  `prenom` varchar(100) NOT NULL,
  `mot_de_passe` varchar(255) DEFAULT NULL,
  `specialite` varchar(100) NOT NULL,
  `email` varchar(100) NOT NULL
) ENGINE=InnoDB DEFAULT CHARSET=utf8mb4 COLLATE=utf8mb4_general_ci;

--
-- Déchargement des données de la table `enseignants`
--

INSERT INTO `enseignants` (`id`, `nom`, `prenom`, `mot_de_passe`, `specialite`, `email`) VALUES
(1, 'chrif', 'sofiane', 'sofiane123', 'archi', 'chrif.sofiane@scolarite.com'),
(2, 'gherbi', 'selma', 'selma123', 'pweb', 'gherbi.selma@scolarite.com'),
(3, 'chahir', 'sara', 'sara123', 'systeme d\'exploitation', 'chahir.sara@scolarite.com'),
(4, 'BENALI', 'Ahmed', 'Ahmed123', 'Base de Données', 'benali.ahmed@usthb.dz'),
(5, 'MEKKI', 'Sofiane', 'Sofiane123', 'Théorie des Graphes', 'mekki.sofiane@usthb.dz'),
(6, 'HAMDI', 'Karima', 'Karima123', 'Anglais', 'hamdi.karima@usthb.dz'),
(7, 'ZOUAOUI', 'Farid', 'Farid123', 'Génie Logiciel', 'zouaoui.farid@usthb.dz');

-- --------------------------------------------------------

--
-- Structure de la table `etudiant`
--

CREATE TABLE `etudiant` (
  `id` int(11) NOT NULL,
  `matricule` varchar(12) NOT NULL,
  `nom` varchar(100) NOT NULL,
  `prenom` varchar(100) NOT NULL,
  `email` varchar(100) NOT NULL,
  `mot_de_passe` varchar(20) DEFAULT NULL,
  `niveau` varchar(50) NOT NULL,
  `filiere` varchar(50) NOT NULL,
  `date_naissance` date DEFAULT NULL
) ENGINE=InnoDB DEFAULT CHARSET=utf8mb4 COLLATE=utf8mb4_general_ci;

--
-- Déchargement des données de la table `etudiant`
--

INSERT INTO `etudiant` (`id`, `matricule`, `nom`, `prenom`, `email`, `mot_de_passe`, `niveau`, `filiere`, `date_naissance`) VALUES
(1, '212431859912', 'ABAOUI', 'LYNA-MELISSA', 'abaoui.lyna.melissa@etu.com', '10022005', 'L1', 'Informatique', '2005-02-10'),
(2, '232431546203', 'ABBAS', 'MAYA MYRIAM', 'abbas.maya.myriam@etu.com', '27042005', 'L1', 'Informatique', '2005-04-27'),
(3, '242431599204', 'ABDELHAMID', 'AKRAM', 'abdelhamid.akram@etu.com', '05042007', 'L3', 'Informatique', '2007-04-05'),
(4, '222231609707', 'ABDELLAOUI', 'YOUCEF', 'abdellaoui.youcef@etu.com', '03052004', 'L2', 'Informatique', '2004-05-03'),
(5, '242431676416', 'ABDELLATIF', 'SARA', 'abdellatif.sara@etu.com', '28112007', 'L2', 'Informatique', '2007-11-28'),
(6, '232331500107', 'AISSA', 'NIHAD', 'aissa.nihad@etu.com', '15072006', 'L2', 'Informatique', '2006-07-15'),
(7, '242431370909', 'AISSAOUI', 'IMAD EDDINE', 'aissaoui.imad.eddine@etu.com', '17122004', 'L1', 'Informatique', '2004-12-17'),
(8, '232331413601', 'AISSAOUI', 'YOUSRA', 'aissaoui.yousra@etu.com', '14032005', 'M2', 'Informatique', '2005-03-14'),
(9, '242431368913', 'AIT KACI', 'ABDELMALEK', 'ait.kaci.abdelmalek@etu.com', '11022007', 'L1', 'Informatique', '2007-02-11'),
(10, '222231413217', 'AIT MEHDI', 'FAROUK IMED', 'ait.mehdi.farouk.imed@etu.com', '20122007', 'M2', 'Informatique', '2007-12-20'),
(11, '242431438719', 'AIT OUAMAR', 'AYA', 'ait.ouamar.aya@etu.com', '05072006', 'M1', 'Informatique', '2006-07-05'),
(12, '242431577510', 'AKACEM', 'ABDENOUR', 'akacem.abdenour@etu.com', '23082004', 'L1', 'Informatique', '2004-08-23'),
(13, '222231581410', 'AKOUIRADJEMOU', 'OUAIL ABD ERRAOUF', 'akouiradjemou.ouail.abd.erraouf@etu.com', '10092007', 'L1', 'Informatique', '2007-09-10'),
(14, '242431461716', 'AKTOUF', 'IKRAM', 'aktouf.ikram@etu.com', '15072004', 'L1', 'Informatique', '2004-07-15'),
(15, '232333374911', 'ALI', 'MOHAMMED AMINE ABDERRAOUF', 'ali.mohammed.amine.abderraouf@etu.com', '09082007', 'L2', 'Informatique', '2007-08-09'),
(16, '242431453208', 'ALIM', 'KAMEL', 'alim.kamel@etu.com', '01062004', 'L2', 'Informatique', '2004-06-01'),
(17, '222231438707', 'AMDIDOUCHE', 'ASMAA', 'amdidouche.asmaa@etu.com', '09042007', 'M2', 'Informatique', '2007-04-09'),
(18, '232332170007', 'AMMICHE', 'NOUR ELHOUDA', 'ammiche.nour.elhouda@etu.com', '09022007', 'M2', 'Informatique', '2007-02-09'),
(19, '232331519001', 'AMOR', 'YOUNES', 'amor.younes@etu.com', '26092005', 'L1', 'Informatique', '2005-09-26'),
(20, '232331499219', 'ASSABAT', 'ABDELMALEK', 'assabat.abdelmalek@etu.com', '11052007', 'M2', 'Informatique', '2007-05-11'),
(21, '232333087110', 'AZZOUG', 'MELISSA', 'azzoug.melissa@etu.com', '01082007', 'L2', 'Informatique', '2007-08-01'),
(22, '232331738702', 'AZZOUZ', 'ABDENNOUR', 'azzouz.abdennour@etu.com', '02112007', 'M2', 'Informatique', '2007-11-02'),
(23, '242431730502', 'AZZOUZI', 'MEHDI', 'azzouzi.mehdi@etu.com', '12062004', 'M1', 'Informatique', '2004-06-12'),
(24, '222233370909', 'BAHA', 'NESRINE', 'baha.nesrine@etu.com', '17092006', 'L2', 'Informatique', '2006-09-17'),
(25, '242431620609', 'BAOUZ', 'DOUAA', 'baouz.douaa@etu.com', '26032004', 'M1', 'Informatique', '2004-03-26'),
(26, '232331388007', 'BARA', 'IMADEDDINE', 'bara.imadeddine@etu.com', '07012005', 'M2', 'Informatique', '2005-01-07'),
(27, '232331412506', 'BEARCIA', 'ISSAM EDDINE', 'bearcia.issam.eddine@etu.com', '27052004', 'L3', 'Informatique', '2004-05-27'),
(28, '232331740006', 'BEDDIAF', 'YAKOUB MOUSSA', 'beddiaf.yakoub.moussa@etu.com', '18122006', 'L1', 'Informatique', '2006-12-18'),
(29, '242431597817', 'BELABED', 'IMENE ZOHRA', 'belabed.imene.zohra@etu.com', '09082005', 'L2', 'Informatique', '2005-08-09'),
(30, '232331667419', 'BELABRIK', 'YASMINE FATMA ZOHRA', 'belabrik.yasmine.fatma.zohra@etu.com', '19022007', 'M1', 'Informatique', '2007-02-19'),
(31, '232331441703', 'BELARBI', 'ABDELKARIM REDA', 'belarbi.abdelkarim.reda@etu.com', '14112006', 'L3', 'Informatique', '2006-11-14'),
(32, '232331715109', 'BELHADJ', 'ABDELHAKIM', 'belhadj.abdelhakim@etu.com', '14122004', 'L3', 'Informatique', '2004-12-14'),
(33, '242431715620', 'BELKHIR', 'MOHAMED', 'belkhir.mohamed@etu.com', '23022004', 'L2', 'Informatique', '2004-02-23'),
(34, '242431461920', 'BENABDELLATIF', 'OMAR', 'benabdellatif.omar@etu.com', '14112005', 'L2', 'Informatique', '2005-11-14'),
(35, '242431786010', 'BENAISSA', 'BOUCHRA', 'benaissa.bouchra@etu.com', '03122004', 'L3', 'Informatique', '2004-12-03'),
(36, '222231345706', 'BEN AISSA CHRIF', 'AYA', 'ben.aissa.chrif.aya@etu.com', '01012007', 'L1', 'Informatique', '2007-01-01'),
(37, '232331692611', 'BENAMARA', 'RANIA', 'benamara.rania@etu.com', '01042004', 'L1', 'Informatique', '2004-04-01'),
(38, '242431460816', 'BACHIR BEN', 'MOHAMED LOKMAN', 'bachir.ben.mohamed.lokman@etu.com', '27032004', 'M1', 'Informatique', '2004-03-27'),
(39, '242431596411', 'BENCHEIKH', 'NADA', 'bencheikh.nada@etu.com', '05062004', 'L1', 'Informatique', '2004-06-05'),
(40, '212431656304', 'BENGUESMIA', 'FARIDA FARAH', 'benguesmia.farida.farah@etu.com', '10062005', 'L3', 'Informatique', '2005-06-10'),
(41, '242431680418', 'BENMOKHTAR', 'YASSER', 'benmokhtar.yasser@etu.com', '30112005', 'L3', 'Informatique', '2005-11-30'),
(42, '242431675005', 'BENYAHIA', 'ISSAM WALID EL', 'benyahia.issam.walid.el@etu.com', '06042005', 'M2', 'Informatique', '2005-04-06'),
(43, '232431652101', 'BESSAA', 'MOHAMED AMINE', 'bessaa.mohamed.amine@etu.com', '26072004', 'L3', 'Informatique', '2004-07-26'),
(44, '242431622804', 'BETTAYEB', 'SID ALI', 'bettayeb.sid.ali@etu.com', '16012007', 'L1', 'Informatique', '2007-01-16'),
(45, '232331424405', 'BOUALI', 'ZINEB AZHAR', 'bouali.zineb.azhar@etu.com', '08072005', 'M1', 'Informatique', '2005-07-08'),
(46, '242431440109', 'BOUDANI', 'FATMA ZOHRA', 'boudani.fatma.zohra@etu.com', '18062006', 'M2', 'Informatique', '2006-06-18'),
(47, '232331499415', 'BOUDAOUD', 'FAIROUZ', 'boudaoud.fairouz@etu.com', '04102007', 'L1', 'Informatique', '2007-10-04'),
(48, '232335477206', 'BOUDERRAZ', 'MAROUA', 'bouderraz.maroua@etu.com', '31052007', 'M1', 'Informatique', '2007-05-31'),
(49, '192431546202', 'BOUDINE', 'MALIK', 'boudine.malik@etu.com', '14102005', 'L1', 'Informatique', '2005-10-14'),
(50, '242431843605', 'BOUDJANA', 'RADJAA', 'boudjana.radjaa@etu.com', '08092006', 'M2', 'Informatique', '2006-09-08'),
(51, '232331698617', 'BOUDRAF', 'MOUHYEDDINE IBRAHIM', 'boudraf.mouhyeddine.ibrahim@etu.com', '03022004', 'L3', 'Informatique', '2004-02-03'),
(52, '232331740411', 'BOUHADDA', 'HAOUA', 'bouhadda.haoua@etu.com', '19052004', 'M2', 'Informatique', '2004-05-19'),
(53, '242431424613', 'BOUHADJA', 'NOURELHOUDA', 'bouhadja.nourelhouda@etu.com', '23082005', 'L3', 'Informatique', '2005-08-23'),
(54, '232331544604', 'BOUKERDOUS', 'HANANE', 'boukerdous.hanane@etu.com', '28012007', 'M2', 'Informatique', '2007-01-28'),
(55, '232331621308', 'BOUKHALFA', 'LINA HADIL', 'boukhalfa.lina.hadil@etu.com', '13062006', 'L2', 'Informatique', '2006-06-13'),
(56, '232431650501', 'BOUKHARI', 'ADLANE', 'boukhari.adlane@etu.com', '06012007', 'L1', 'Informatique', '2007-01-06'),
(57, '242431434219', 'BOUKHARI', 'YASSER ABDELMOUMAN', 'boukhari.yasser.abdelmouman@etu.com', '26092007', 'L1', 'Informatique', '2007-09-26'),
(58, '242431577705', 'BOUKTITE', 'MOHAMED ADAM', 'bouktite.mohamed.adam@etu.com', '20082005', 'L2', 'Informatique', '2005-08-20'),
(59, '242431625010', 'BOULAHABAL', 'MARWA', 'boulahabal.marwa@etu.com', '18122004', 'L3', 'Informatique', '2004-12-18'),
(60, '242431223007', 'BOUMEDIENE', 'LINA MARIA', 'boumediene.lina.maria@etu.com', '03122007', 'L1', 'Informatique', '2007-12-03'),
(61, '232331072415', 'BOUMEDINE', 'MOHAMED LYES', 'boumedine.mohamed.lyes@etu.com', '22092004', 'L2', 'Informatique', '2004-09-22'),
(62, '242431433019', 'BOUSBAA', 'LYNA TADJ EL BAHA', 'bousbaa.lyna.tadj.el.baha@etu.com', '08112007', 'L1', 'Informatique', '2007-11-08'),
(63, '232331433007', 'BOUSSOUSSOU', 'ABDESSAMED RIADH', 'boussoussou.abdessamed.riadh@etu.com', '06022005', 'M1', 'Informatique', '2005-02-06'),
(64, '242431472812', 'BOUTRAH', 'CHEYMA', 'boutrah.cheyma@etu.com', '12122005', 'L3', 'Informatique', '2005-12-12'),
(65, '232331413914', 'BOUZIANE', 'ABDELLAH', 'bouziane.abdellah@etu.com', '07062006', 'M1', 'Informatique', '2006-06-07'),
(66, '232331553511', 'BRAHIMI', 'ABDELKRIM', 'brahimi.abdelkrim@etu.com', '28042006', 'L3', 'Informatique', '2006-04-28'),
(67, '232431859207', 'CHABANE', 'ALA EDDINE', 'chabane.ala.eddine@etu.com', '25042004', 'L2', 'Informatique', '2004-04-25'),
(68, '242431362004', 'CHAOUADI', 'ABDALLAH', 'chaouadi.abdallah@etu.com', '11082006', 'L3', 'Informatique', '2006-08-11'),
(69, '232331641011', 'CHEBBAH', 'MANEL CHAIMA', 'chebbah.manel.chaima@etu.com', '10022004', 'L3', 'Informatique', '2004-02-10'),
(70, '232331674009', 'CHELABI', 'CHAIMA', 'chelabi.chaima@etu.com', '20092004', 'L2', 'Informatique', '2004-09-20'),
(71, '242431598307', 'CHERFAOUI', 'FARES', 'cherfaoui.fares@etu.com', '11042007', 'L3', 'Informatique', '2007-04-11'),
(72, '232331488404', 'CHERGUI', 'SAFIA', 'chergui.safia@etu.com', '22032006', 'L1', 'Informatique', '2006-03-22'),
(73, '222231619218', 'CHERIFI', 'ABDERRAHMANE', 'cherifi.abderrahmane@etu.com', '11042005', 'M2', 'Informatique', '2005-04-11'),
(74, '242431414302', 'CHERIFI', 'RAHMA', 'cherifi.rahma@etu.com', '20092007', 'L2', 'Informatique', '2007-09-20'),
(75, '242431577704', 'CHORFI', 'YACINE', 'chorfi.yacine@etu.com', '10102006', 'M2', 'Informatique', '2006-10-10'),
(76, '232331600106', 'DADDA', 'YACINE', 'dadda.yacine@etu.com', '17092006', 'L2', 'Informatique', '2006-09-17'),
(77, '242431679715', 'DAHMANI', 'ANAIS', 'dahmani.anais@etu.com', '28032005', 'L2', 'Informatique', '2005-03-28'),
(78, '232331781916', 'DAYA', 'AYOUB', 'daya.ayoub@etu.com', '19012006', 'M1', 'Informatique', '2006-01-19'),
(79, '242431370906', 'DERRADJI', 'ABDERRAHMANE', 'derradji.abderrahmane@etu.com', '21072006', 'M1', 'Informatique', '2006-07-21'),
(80, '232335051703', 'DIAFI', 'AYAT ERRAHMANE', 'diafi.ayat.errahmane@etu.com', '09082006', 'L3', 'Informatique', '2006-08-09'),
(81, '232331406306', 'DJAHEL', 'YOUSRA', 'djahel.yousra@etu.com', '16052005', 'M2', 'Informatique', '2005-05-16'),
(82, '242431597707', 'DJENNADI', 'ACHRAF ISLAM', 'djennadi.achraf.islam@etu.com', '18012007', 'L2', 'Informatique', '2007-01-18'),
(83, '242431414315', 'DOUDOU', 'SALSABILA', 'doudou.salsabila@etu.com', '18022007', 'L3', 'Informatique', '2007-02-18'),
(84, '242431475412', 'DOUKHI', 'SALAH EDDIN', 'doukhi.salah.eddin@etu.com', '08072006', 'L1', 'Informatique', '2006-07-08'),
(85, '242431454420', 'DRIDI', 'WALID', 'dridi.walid@etu.com', '12032007', 'L2', 'Informatique', '2007-03-12'),
(86, '242431413006', 'FERKOUS', 'MOHAMED HOUSSAM', 'ferkous.mohamed.houssam@etu.com', '02062004', 'L1', 'Informatique', '2004-06-02'),
(87, '242431423103', 'FERRAH', 'NIHAL YASMINE', 'ferrah.nihal.yasmine@etu.com', '06072004', 'L3', 'Informatique', '2004-07-06'),
(88, '242431486406', 'FERRANI', 'ABDELKARIM OUSSAMA', 'ferrani.abdelkarim.oussama@etu.com', '20042005', 'M1', 'Informatique', '2005-04-20'),
(89, '232331440603', 'FISSAH', 'KHADIDJA', 'fissah.khadidja@etu.com', '22122004', 'L3', 'Informatique', '2004-12-22'),
(90, '232331418809', 'GHARBI', 'AICHA', 'gharbi.aicha@etu.com', '19122004', 'L1', 'Informatique', '2004-12-19'),
(91, '242431461709', 'GHERMOUL', 'ANES', 'ghermoul.anes@etu.com', '01122005', 'L2', 'Informatique', '2005-12-01'),
(92, '242431616006', 'GUETTACHE', 'CERINE', 'guettache.cerine@etu.com', '06092006', 'M2', 'Informatique', '2006-09-06'),
(93, '242431776615', 'HABBOUCHE', 'NOUH', 'habbouche.nouh@etu.com', '30082007', 'L3', 'Informatique', '2007-08-30'),
(94, '242431621102', 'HAFI', 'ABDERRAOUF', 'hafi.abderraouf@etu.com', '08042006', 'L2', 'Informatique', '2006-04-08'),
(95, '242432464917', 'HAIF', 'ISRAA', 'haif.israa@etu.com', '12052004', 'M1', 'Informatique', '2004-05-12'),
(96, '222231620901', 'HAMANI', 'HIBA MERIEM', 'hamani.hiba.meriem@etu.com', '30122006', 'M1', 'Informatique', '2006-12-30'),
(97, '232331601509', 'HAMITI', 'SIRINE', 'hamiti.sirine@etu.com', '26112005', 'M1', 'Informatique', '2005-11-26'),
(98, '242431777702', 'HAMMADOU', 'SALSABIL INES', 'hammadou.salsabil.ines@etu.com', '15072004', 'L2', 'Informatique', '2004-07-15'),
(99, '242431624503', 'HASNI', 'HOCINE', 'hasni.hocine@etu.com', '18122004', 'L3', 'Informatique', '2004-12-18'),
(100, '232331453804', 'HERSOUS', 'YASMINE', 'hersous.yasmine@etu.com', '19032007', 'L2', 'Informatique', '2007-03-19'),
(101, '232333149512', 'IDJOUBAR', 'LITISSIA', 'idjoubar.litissia@etu.com', '04032005', 'L2', 'Informatique', '2005-03-04'),
(102, '242431433013', 'IKRAM', 'BOUTINE', 'ikram.boutine@etu.com', '25032004', 'M2', 'Informatique', '2004-03-25'),
(103, '232331338314', 'KABOUCHE', 'YAHIA', 'kabouche.yahia@etu.com', '20082005', 'M2', 'Informatique', '2005-08-20'),
(104, '232331430512', 'KADRI', 'OUAIS', 'kadri.ouais@etu.com', '27062007', 'L3', 'Informatique', '2007-06-27'),
(105, '242431476317', 'KEDDAR', 'MOHAMED ACYL', 'keddar.mohamed.acyl@etu.com', '14072004', 'M2', 'Informatique', '2004-07-14'),
(106, '232331572613', 'KEDIDAH', 'SAFOUANE ABDERRAHMANE', 'kedidah.safouane.abderrahmane@etu.com', '19032004', 'M1', 'Informatique', '2004-03-19'),
(107, '232331674415', 'KESSI', 'YAZID', 'kessi.yazid@etu.com', '18062007', 'M2', 'Informatique', '2007-06-18'),
(108, '212431546808', 'KHALFOUN', 'HADIL', 'khalfoun.hadil@etu.com', '03092004', 'M1', 'Informatique', '2004-09-03'),
(109, '232432511703', 'KHELIFA', 'MOHAMED BACHIR', 'khelifa.mohamed.bachir@etu.com', '26122004', 'L3', 'Informatique', '2004-12-26'),
(110, '242431575703', 'KHELIL', 'MERIEM', 'khelil.meriem@etu.com', '28112006', 'L2', 'Informatique', '2006-11-28'),
(111, '242431486807', 'KHELLAS', 'MARIA', 'khellas.maria@etu.com', '01082007', 'L2', 'Informatique', '2007-08-01'),
(112, '232331734515', 'KHETTAB', 'IMEDEDDINE', 'khettab.imededdine@etu.com', '14032005', 'M2', 'Informatique', '2005-03-14'),
(113, '242431431503', 'LAGRAA', 'ABDERRAHMANE', 'lagraa.abderrahmane@etu.com', '31032007', 'M1', 'Informatique', '2007-03-31'),
(114, '242431454303', 'LAIB', 'ABD EL DJALIL', 'laib.abd.el.djalil@etu.com', '19082004', 'L1', 'Informatique', '2004-08-19'),
(115, '232331532706', 'LAIDI', 'RACIM', 'laidi.racim@etu.com', '06062005', 'L1', 'Informatique', '2005-06-06'),
(116, '242431577219', 'LAKEHAL', 'DEKRAH', 'lakehal.dekrah@etu.com', '03042005', 'L1', 'Informatique', '2005-04-03'),
(117, '222231412710', 'LAMARA', 'AYOUB', 'lamara.ayoub@etu.com', '25122005', 'L2', 'Informatique', '2005-12-25'),
(118, '242431618608', 'LAMARA', 'MELYNA', 'lamara.melyna@etu.com', '24022006', 'L2', 'Informatique', '2006-02-24'),
(119, '232331531201', 'LARBI', 'LINA', 'larbi.lina@etu.com', '23102004', 'M1', 'Informatique', '2004-10-23'),
(120, '242431386417', 'LASLEDJ', 'NOURA', 'lasledj.noura@etu.com', '07082005', 'M2', 'Informatique', '2005-08-07'),
(121, '232331639705', 'LOUCIF', 'AISSA', 'loucif.aissa@etu.com', '25072005', 'L1', 'Informatique', '2005-07-25'),
(122, '232431844615', 'MADI', 'ZAKARIA', 'madi.zakaria@etu.com', '10012007', 'M1', 'Informatique', '2007-01-10'),
(123, '242431441601', 'MADIOU', 'SALEM', 'madiou.salem@etu.com', '12062006', 'M1', 'Informatique', '2006-06-12'),
(124, '23239DZA2098', 'MADJENE', 'MALAK', 'madjene.malak@etu.com', '26022007', 'M2', 'Informatique', '2007-02-26'),
(125, '242431579806', 'MAHALELAINE', 'SOFIANE AYOUB AYMEN', 'mahalelaine.sofiane.ayoub.aymen@etu.com', '09062004', 'M1', 'Informatique', '2004-06-09'),
(126, '242431475712', 'MAHDI', 'MELINA', 'mahdi.melina@etu.com', '22092004', 'M2', 'Informatique', '2004-09-22'),
(127, '232331717713', 'MAHDI', 'MOHAMED NAZIM', 'mahdi.mohamed.nazim@etu.com', '23042006', 'L3', 'Informatique', '2006-04-23'),
(128, '232431549320', 'MAHROUG', 'MARYA', 'mahroug.marya@etu.com', '18052005', 'M2', 'Informatique', '2005-05-18'),
(129, '232331503216', 'MAMMERI', 'YASMINE', 'mammeri.yasmine@etu.com', '19122007', 'L1', 'Informatique', '2007-12-19'),
(130, '242431562616', 'MAOUCHE', 'MOHAMED RAFIK', 'maouche.mohamed.rafik@etu.com', '11092007', 'L1', 'Informatique', '2007-09-11'),
(131, '232331602210', 'MECHAI', 'OUIAM', 'mechai.ouiam@etu.com', '02082006', 'M2', 'Informatique', '2006-08-02'),
(132, '242431559810', 'MEDDOUR', 'IMENE', 'meddour.imene@etu.com', '04112005', 'L3', 'Informatique', '2005-11-04'),
(133, '232331532312', 'MEDJAHED', 'RYMA', 'medjahed.ryma@etu.com', '17062005', 'L3', 'Informatique', '2005-06-17'),
(134, '242431777714', 'MEDJDOUBI', 'NOUR EL ISLAM', 'medjdoubi.nour.el.islam@etu.com', '09102005', 'L1', 'Informatique', '2005-10-09'),
(135, '212131040805', 'MEFTAH', 'ANFEL', 'meftah.anfel@etu.com', '24062004', 'L3', 'Informatique', '2004-06-24'),
(136, '232331431614', 'MEKDAM', 'MOHAMED IDIR', 'mekdam.mohamed.idir@etu.com', '30012005', 'M1', 'Informatique', '2005-01-30'),
(137, '242431431613', 'MEKKI', 'FATIMA ZAHRA', 'mekki.fatima.zahra@etu.com', '21122007', 'L2', 'Informatique', '2007-12-21'),
(138, '242431731319', 'MENIA', 'YOUCEF', 'menia.youcef@etu.com', '13082004', 'M1', 'Informatique', '2004-08-13'),
(139, '242431591407', 'MERAR', 'IKRAM', 'merar.ikram@etu.com', '01032007', 'L1', 'Informatique', '2007-03-01'),
(140, '242431622106', 'MESSAOUDI', 'WASSIM', 'messaoudi.wassim@etu.com', '22122005', 'L3', 'Informatique', '2005-12-22'),
(141, '242431434209', 'MEZIANI', 'ABD RAOUF', 'meziani.abd.raouf@etu.com', '20052004', 'M2', 'Informatique', '2004-05-20'),
(142, '242431666406', 'MEZIANI', 'SERINE MELISSA', 'meziani.serine.melissa@etu.com', '30122007', 'L2', 'Informatique', '2007-12-30'),
(143, '222231498417', 'MOKHTARI', 'ABDERRAHMAN', 'mokhtari.abderrahman@etu.com', '30102006', 'M2', 'Informatique', '2006-10-30'),
(144, '212131087391', 'MOKNINE', 'ALI', 'moknine.ali@etu.com', '03032006', 'L1', 'Informatique', '2006-03-03'),
(145, '232331674811', 'MOSTEFA', 'HOCINE MOHAMED', 'mostefa.hocine.mohamed@etu.com', '08052006', 'L3', 'Informatique', '2006-05-08'),
(146, '232431861119', 'MOUSSOUS', 'SARAH CHYRAZ', 'moussous.sarah.chyraz@etu.com', '02042005', 'M2', 'Informatique', '2005-04-02'),
(147, '232431535911', 'MOUZAOUI', 'KENZA', 'mouzaoui.kenza@etu.com', '16032007', 'M2', 'Informatique', '2007-03-16'),
(148, '242431618418', 'NAIMI', 'IYAD MUSTAPHA', 'naimi.iyad.mustapha@etu.com', '11042004', 'L2', 'Informatique', '2004-04-11'),
(149, '242439340418', 'NASRI', 'ANES ZAKARIA', 'nasri.anes.zakaria@etu.com', '07102007', 'L2', 'Informatique', '2007-10-07'),
(150, '242431367805', 'NEDIR', 'AHMED BAHA EDDINE', 'nedir.ahmed.baha.eddine@etu.com', '01012006', 'L3', 'Informatique', '2006-01-01'),
(151, '232331032114', 'NID', 'SOUHEIL', 'nid.souheil@etu.com', '20092006', 'L2', 'Informatique', '2006-09-20'),
(152, '242431398806', 'OUAREZKI', 'HICHEM', 'ouarezki.hichem@etu.com', '05082007', 'M2', 'Informatique', '2007-08-05'),
(153, '242431621819', 'OUFERHAT', 'MEHDI', 'ouferhat.mehdi@etu.com', '24102005', 'M2', 'Informatique', '2005-10-24'),
(154, '232331595914', 'OULDEDINE', 'CHAIMA', 'ouldedine.chaima@etu.com', '13042006', 'L1', 'Informatique', '2006-04-13'),
(155, '232431531515', 'RABEHI', 'CELINA', 'rabehi.celina@etu.com', '22122005', 'M2', 'Informatique', '2005-12-22'),
(156, '232331430814', 'RAMDANI', 'DOUAA HIBAT ELLAH', 'ramdani.douaa.hibat.ellah@etu.com', '11012007', 'L3', 'Informatique', '2007-01-11'),
(157, '242431422801', 'RAMOUL', 'MERIEM', 'ramoul.meriem@etu.com', '22032005', 'M1', 'Informatique', '2005-03-22'),
(158, '242431383508', 'REMRAM', 'AHMED ELAMINE', 'remram.ahmed.elamine@etu.com', '07012005', 'L1', 'Informatique', '2005-01-07'),
(159, '232431859120', 'RETIM', 'ABDALLAH', 'retim.abdallah@etu.com', '09062005', 'L1', 'Informatique', '2005-06-09'),
(160, '242431624912', 'REZKI', 'RIAD', 'rezki.riad@etu.com', '18022004', 'L3', 'Informatique', '2004-02-18'),
(161, '232433341813', 'ROUIBAH', 'AMINA', 'rouibah.amina@etu.com', '07052004', 'L3', 'Informatique', '2004-05-07'),
(162, '232331698506', 'SAADI', 'ISLEM', 'saadi.islem@etu.com', '07052005', 'L2', 'Informatique', '2005-05-07'),
(163, '242431370913', 'SAIDANI', 'MOHAMED DHIAEDDINE', 'saidani.mohamed.dhiaeddine@etu.com', '09092005', 'L1', 'Informatique', '2005-09-09'),
(164, '232431526712', 'SBAI', 'AIMEN ABDELOUAHID', 'sbai.aimen.abdelouahid@etu.com', '30052004', 'L2', 'Informatique', '2004-05-30'),
(165, '242431601409', 'SEDAOUI', 'YOUNES MEHDI', 'sedaoui.younes.mehdi@etu.com', '25122004', 'M2', 'Informatique', '2004-12-25'),
(166, '242431696012', 'SELAMA', 'WASSIM', 'selama.wassim@etu.com', '08092007', 'L1', 'Informatique', '2007-09-08'),
(167, '242431621604', 'SEMMAR', 'MOHAMED RACIM', 'semmar.mohamed.racim@etu.com', '28062007', 'L1', 'Informatique', '2007-06-28'),
(168, '242431423801', 'SERAY', 'IMENE', 'seray.imene@etu.com', '24052006', 'M1', 'Informatique', '2006-05-24'),
(169, '242431680409', 'SKENDER', 'NEWFEL', 'skender.newfel@etu.com', '30062005', 'L1', 'Informatique', '2005-06-30'),
(170, '232331659203', 'SLIMANI', 'ANIS', 'slimani.anis@etu.com', '19042004', 'M2', 'Informatique', '2004-04-19'),
(171, '242431461919', 'SLIMANI', 'IMAD', 'slimani.imad@etu.com', '03012005', 'L2', 'Informatique', '2005-01-03'),
(172, '232331597818', 'SOUFI', 'MOUDJIB EL RAHMANE', 'soufi.moudjib.el.rahmane@etu.com', '24022004', 'L2', 'Informatique', '2004-02-24'),
(173, '232331500812', 'SOUIDI', 'ICHRAK', 'souidi.ichrak@etu.com', '17092005', 'M1', 'Informatique', '2005-09-17'),
(174, '232332212801', 'TAKRATI', 'ABDEL MOUMENE', 'takrati.abdel.moumene@etu.com', '13022004', 'M2', 'Informatique', '2004-02-13'),
(175, '242431572917', 'TAS', 'ISLAM', 'tas.islam@etu.com', '14062007', 'L2', 'Informatique', '2007-06-14'),
(176, '242431624311', 'TATA', 'ANES', 'tata.anes@etu.com', '27112004', 'L3', 'Informatique', '2004-11-27'),
(177, '242431596506', 'TAYEB', 'NACIM', 'tayeb.nacim@etu.com', '07032006', 'M2', 'Informatique', '2006-03-07'),
(178, '232431845311', 'TEHAR', 'SAMI AYOUB', 'tehar.sami.ayoub@etu.com', '11032004', 'M2', 'Informatique', '2004-03-11'),
(179, '242431722303', 'TEMAM', 'MOHAMED DJAOUED', 'temam.mohamed.djaoued@etu.com', '29052006', 'M1', 'Informatique', '2006-05-29'),
(180, '232331734201', 'TEMLALI', 'OUSSAMA', 'temlali.oussama@etu.com', '21062007', 'L2', 'Informatique', '2007-06-21'),
(181, '242431680215', 'TOUAT', 'MOHAMED ADEM AYOUB', 'touat.mohamed.adem.ayoub@etu.com', '19022006', 'M2', 'Informatique', '2006-02-19'),
(182, '242431730516', 'TSAMDA', 'NESSRINE', 'tsamda.nessrine@etu.com', '08042004', 'L2', 'Informatique', '2004-04-08'),
(183, '242435427010', 'YESSAD', 'ABDELHAK', 'yessad.abdelhak@etu.com', '07122006', 'L3', 'Informatique', '2006-12-07'),
(184, '232331338807', 'ZAHAF', 'ABD ELRAHMAN', 'zahaf.abd.elrahman@etu.com', '13112005', 'M1', 'Informatique', '2005-11-13'),
(185, '232331394803', 'ZAHED', 'RAYAN', 'zahed.rayan@etu.com', '17072004', 'L3', 'Informatique', '2004-07-17'),
(186, '232431534320', 'ZEGHDANE', 'ABDENOUR', 'zeghdane.abdenour@etu.com', '08022005', 'M1', 'Informatique', '2005-02-08'),
(187, '242431748813', 'ZERAIA', 'MAYA', 'zeraia.maya@etu.com', '26112007', 'M2', 'Informatique', '2007-11-26'),
(188, '232331481012', 'ZERGOUN', 'ILYES', 'zergoun.ilyes@etu.com', '15032004', 'M1', 'Informatique', '2004-03-15'),
(189, '222431858709', 'ZERGUI', 'RITADJE', 'zergui.ritadje@etu.com', '22042005', 'L1', 'Informatique', '2005-04-22'),
(190, '242431680417', 'ZERKOUK', 'WALID', 'zerkouk.walid@etu.com', '04122005', 'L2', 'Informatique', '2005-12-04'),
(191, '242431614911', 'ZERTIT', 'RABAH HICHEM', 'zertit.rabah.hichem@etu.com', '17092005', 'L2', 'Informatique', '2005-09-17'),
(192, '232431847516', 'ZIANE', 'DAMIA FARIEL', 'ziane.damia.fariel@etu.com', '14102006', 'L1', 'Informatique', '2006-10-14'),
(193, '232331414107', 'ZIGADI', 'YACINE', 'zigadi.yacine@etu.com', '19102004', 'L3', 'Informatique', '2004-10-19'),
(194, '232335330411', 'ZIGHED', 'IMEN', 'zighed.imen@etu.com', '20082007', 'L1', 'Informatique', '2007-08-20'),
(195, '232331650909', 'ZITOUNI', 'SABER', 'zitouni.saber@etu.com', '14102007', 'M2', 'Informatique', '2007-10-14');

-- --------------------------------------------------------

--
-- Structure de la table `modules`
--

CREATE TABLE `modules` (
  `id` int(11) NOT NULL,
  `nom_module` varchar(20) NOT NULL,
  `coefficient` int(11) NOT NULL,
  `enseignant_id` int(11) NOT NULL
) ENGINE=InnoDB DEFAULT CHARSET=utf8mb4 COLLATE=utf8mb4_general_ci;

--
-- Déchargement des données de la table `modules`
--

INSERT INTO `modules` (`id`, `nom_module`, `coefficient`, `enseignant_id`) VALUES
(1, 'pweb', 2, 2),
(2, 'sys', 3, 3),
(3, 'archi', 3, 1),
(4, 'BD', 3, 4),
(5, 'THG', 2, 5),
(6, 'ENG', 1, 6),
(7, 'GL', 3, 7);

-- --------------------------------------------------------

--
-- Structure de la table `notes`
--

CREATE TABLE `notes` (
  `id` int(11) NOT NULL,
  `etudiant_id` int(11) NOT NULL,
  `module_id` int(11) NOT NULL,
  `note` decimal(4,2) NOT NULL,
  `session` varchar(20) NOT NULL DEFAULT 'normale'
) ENGINE=InnoDB DEFAULT CHARSET=utf8mb4 COLLATE=utf8mb4_general_ci;

--
-- Déchargement des données de la table `notes`
--

INSERT INTO `notes` (`id`, `etudiant_id`, `module_id`, `note`, `session`) VALUES
(1667, 1, 1, 15.67, 'normale'),
(1668, 1, 2, 16.90, 'normale'),
(1669, 1, 3, 10.68, 'normale'),
(1670, 1, 4, 16.12, 'normale'),
(1671, 1, 5, 15.09, 'normale'),
(1672, 1, 6, 8.36, 'normale'),
(1673, 1, 7, 10.79, 'normale'),
(1674, 2, 1, 14.73, 'rattrapage'),
(1675, 2, 2, 10.65, 'normale'),
(1676, 2, 3, 17.71, 'normale'),
(1677, 2, 4, 17.11, 'normale'),
(1678, 2, 5, 16.38, 'normale'),
(1679, 2, 6, 11.33, 'normale'),
(1680, 2, 7, 19.49, 'normale'),
(1681, 3, 1, 9.23, 'rattrapage'),
(1682, 3, 2, 9.16, 'normale'),
(1683, 3, 3, 15.24, 'normale'),
(1684, 3, 4, 16.76, 'normale'),
(1685, 3, 5, 19.68, 'rattrapage'),
(1686, 3, 6, 8.95, 'normale'),
(1687, 3, 7, 17.95, 'normale'),
(1688, 4, 1, 14.93, 'normale'),
(1689, 4, 2, 8.55, 'normale'),
(1690, 4, 3, 17.28, 'normale'),
(1691, 4, 4, 18.26, 'normale'),
(1692, 4, 5, 12.56, 'rattrapage'),
(1693, 4, 6, 15.63, 'normale'),
(1694, 4, 7, 9.95, 'normale'),
(1695, 5, 1, 10.51, 'normale'),
(1696, 5, 2, 16.42, 'normale'),
(1697, 5, 3, 15.31, 'normale'),
(1698, 5, 4, 14.41, 'normale'),
(1699, 5, 5, 9.96, 'rattrapage'),
(1700, 5, 6, 11.24, 'normale'),
(1701, 5, 7, 16.22, 'normale'),
(1702, 6, 1, 10.75, 'normale'),
(1703, 6, 2, 17.66, 'rattrapage'),
(1704, 6, 3, 11.21, 'normale'),
(1705, 6, 4, 18.96, 'normale'),
(1706, 6, 5, 10.55, 'rattrapage'),
(1707, 6, 6, 12.75, 'rattrapage'),
(1708, 6, 7, 9.71, 'normale'),
(1709, 7, 1, 10.96, 'normale'),
(1710, 7, 2, 16.96, 'rattrapage'),
(1711, 7, 3, 18.77, 'rattrapage'),
(1712, 7, 4, 12.34, 'normale'),
(1713, 7, 5, 14.11, 'normale'),
(1714, 7, 6, 17.07, 'normale'),
(1715, 7, 7, 9.83, 'normale'),
(1716, 8, 1, 17.50, 'rattrapage'),
(1717, 8, 2, 15.16, 'rattrapage'),
(1718, 8, 3, 12.58, 'rattrapage'),
(1719, 8, 4, 14.35, 'normale'),
(1720, 8, 5, 16.16, 'normale'),
(1721, 8, 6, 16.18, 'normale'),
(1722, 8, 7, 17.22, 'normale'),
(1723, 9, 1, 9.34, 'rattrapage'),
(1724, 9, 2, 9.90, 'normale'),
(1725, 9, 3, 19.45, 'normale'),
(1726, 9, 4, 19.66, 'normale'),
(1727, 9, 5, 14.09, 'normale'),
(1728, 9, 6, 18.45, 'normale'),
(1729, 9, 7, 18.10, 'normale'),
(1730, 10, 1, 9.83, 'normale'),
(1731, 10, 2, 14.47, 'normale'),
(1732, 10, 3, 15.19, 'rattrapage'),
(1733, 10, 4, 8.23, 'normale'),
(1734, 10, 5, 18.54, 'normale'),
(1735, 10, 6, 10.87, 'normale'),
(1736, 10, 7, 18.54, 'normale'),
(1737, 11, 1, 9.03, 'rattrapage'),
(1738, 11, 2, 17.79, 'normale'),
(1739, 11, 3, 9.54, 'rattrapage'),
(1740, 11, 4, 19.36, 'normale'),
(1741, 11, 5, 11.18, 'rattrapage'),
(1742, 11, 6, 19.57, 'normale'),
(1743, 11, 7, 16.56, 'rattrapage'),
(1744, 12, 1, 19.94, 'normale'),
(1745, 12, 2, 13.26, 'rattrapage'),
(1746, 12, 3, 9.45, 'normale'),
(1747, 12, 4, 8.77, 'normale'),
(1748, 12, 5, 15.06, 'normale'),
(1749, 12, 6, 15.06, 'normale'),
(1750, 12, 7, 8.85, 'normale'),
(1751, 13, 1, 10.75, 'normale'),
(1752, 13, 2, 18.32, 'normale'),
(1753, 13, 3, 14.17, 'normale'),
(1754, 13, 4, 16.03, 'normale'),
(1755, 13, 5, 14.47, 'rattrapage'),
(1756, 13, 6, 10.92, 'rattrapage'),
(1757, 13, 7, 17.69, 'normale'),
(1758, 14, 1, 9.13, 'rattrapage'),
(1759, 14, 2, 12.25, 'rattrapage'),
(1760, 14, 3, 13.60, 'normale'),
(1761, 14, 4, 16.08, 'normale'),
(1762, 14, 5, 8.73, 'normale'),
(1763, 14, 6, 17.61, 'normale'),
(1764, 14, 7, 10.98, 'normale'),
(1765, 15, 1, 14.44, 'normale'),
(1766, 15, 2, 13.06, 'normale'),
(1767, 15, 3, 13.55, 'normale'),
(1768, 15, 4, 13.32, 'normale'),
(1769, 15, 5, 8.61, 'normale'),
(1770, 15, 6, 19.63, 'normale'),
(1771, 15, 7, 10.00, 'rattrapage'),
(1772, 16, 1, 13.78, 'rattrapage'),
(1773, 16, 2, 18.83, 'normale'),
(1774, 16, 3, 12.55, 'rattrapage'),
(1775, 16, 4, 11.18, 'rattrapage'),
(1776, 16, 5, 11.42, 'rattrapage'),
(1777, 16, 6, 9.86, 'normale'),
(1778, 16, 7, 10.61, 'normale'),
(1779, 17, 1, 14.95, 'normale'),
(1780, 17, 2, 16.98, 'normale'),
(1781, 17, 3, 8.60, 'rattrapage'),
(1782, 17, 4, 14.03, 'normale'),
(1783, 17, 5, 8.68, 'normale'),
(1784, 17, 6, 18.22, 'normale'),
(1785, 17, 7, 15.14, 'normale'),
(1786, 18, 1, 12.85, 'normale'),
(1787, 18, 2, 14.95, 'normale'),
(1788, 18, 3, 15.43, 'rattrapage'),
(1789, 18, 4, 15.89, 'normale'),
(1790, 18, 5, 19.22, 'normale'),
(1791, 18, 6, 16.04, 'normale'),
(1792, 18, 7, 10.86, 'rattrapage'),
(1793, 19, 1, 9.57, 'normale'),
(1794, 19, 2, 13.49, 'normale'),
(1795, 19, 3, 8.11, 'normale'),
(1796, 19, 4, 8.88, 'normale'),
(1797, 19, 5, 14.07, 'normale'),
(1798, 19, 6, 19.20, 'normale'),
(1799, 19, 7, 18.55, 'normale'),
(1800, 20, 1, 11.42, 'rattrapage'),
(1801, 20, 2, 18.00, 'normale'),
(1802, 20, 3, 15.34, 'normale'),
(1803, 20, 4, 16.01, 'normale'),
(1804, 20, 5, 19.18, 'normale'),
(1805, 20, 6, 19.27, 'normale'),
(1806, 20, 7, 11.17, 'normale'),
(1807, 21, 1, 16.91, 'normale'),
(1808, 21, 2, 11.27, 'normale'),
(1809, 21, 3, 16.61, 'normale'),
(1810, 21, 4, 16.25, 'normale'),
(1811, 21, 5, 14.06, 'normale'),
(1812, 21, 6, 18.86, 'normale'),
(1813, 21, 7, 9.11, 'rattrapage'),
(1814, 22, 1, 17.95, 'normale'),
(1815, 22, 2, 8.04, 'normale'),
(1816, 22, 3, 15.65, 'normale'),
(1817, 22, 4, 9.94, 'rattrapage'),
(1818, 22, 5, 14.62, 'rattrapage'),
(1819, 22, 6, 14.73, 'normale'),
(1820, 22, 7, 8.90, 'normale'),
(1821, 23, 1, 14.55, 'normale'),
(1822, 23, 2, 14.99, 'normale'),
(1823, 23, 3, 13.16, 'normale'),
(1824, 23, 4, 11.70, 'normale'),
(1825, 23, 5, 18.79, 'normale'),
(1826, 23, 6, 16.18, 'normale'),
(1827, 23, 7, 12.24, 'rattrapage'),
(1828, 24, 1, 19.69, 'normale'),
(1829, 24, 2, 19.11, 'normale'),
(1830, 24, 3, 18.38, 'normale'),
(1831, 24, 4, 18.58, 'normale'),
(1832, 24, 5, 10.15, 'normale'),
(1833, 24, 6, 17.39, 'rattrapage'),
(1834, 24, 7, 17.63, 'normale'),
(1835, 25, 1, 11.20, 'normale'),
(1836, 25, 2, 12.59, 'normale'),
(1837, 25, 3, 18.30, 'normale'),
(1838, 25, 4, 10.39, 'rattrapage'),
(1839, 25, 5, 12.20, 'normale'),
(1840, 25, 6, 10.68, 'normale'),
(1841, 25, 7, 12.78, 'normale'),
(1842, 26, 1, 18.37, 'normale'),
(1843, 26, 2, 12.21, 'rattrapage'),
(1844, 26, 3, 16.15, 'normale'),
(1845, 26, 4, 19.27, 'normale'),
(1846, 26, 5, 18.52, 'normale'),
(1847, 26, 6, 10.14, 'normale'),
(1848, 26, 7, 8.46, 'rattrapage'),
(1849, 27, 1, 12.15, 'normale'),
(1850, 27, 2, 13.24, 'normale'),
(1851, 27, 3, 12.62, 'normale'),
(1852, 27, 4, 11.06, 'rattrapage'),
(1853, 27, 5, 8.02, 'normale'),
(1854, 27, 6, 12.37, 'normale'),
(1855, 27, 7, 19.39, 'normale'),
(1856, 28, 1, 15.48, 'normale'),
(1857, 28, 2, 16.64, 'normale'),
(1858, 28, 3, 14.09, 'rattrapage'),
(1859, 28, 4, 11.91, 'normale'),
(1860, 28, 5, 14.65, 'normale'),
(1861, 28, 6, 13.05, 'rattrapage'),
(1862, 28, 7, 16.13, 'normale'),
(1863, 29, 1, 15.39, 'normale'),
(1864, 29, 2, 12.87, 'normale'),
(1865, 29, 3, 11.65, 'normale'),
(1866, 29, 4, 13.16, 'normale'),
(1867, 29, 5, 13.58, 'rattrapage'),
(1868, 29, 6, 16.11, 'rattrapage'),
(1869, 29, 7, 17.52, 'normale'),
(1870, 30, 1, 15.91, 'normale'),
(1871, 30, 2, 14.19, 'normale'),
(1872, 30, 3, 9.12, 'normale'),
(1873, 30, 4, 16.07, 'normale'),
(1874, 30, 5, 17.68, 'normale'),
(1875, 30, 6, 8.29, 'normale'),
(1876, 30, 7, 19.81, 'normale'),
(1877, 31, 1, 13.46, 'normale'),
(1878, 31, 2, 16.62, 'rattrapage'),
(1879, 31, 3, 13.93, 'normale'),
(1880, 31, 4, 9.77, 'normale'),
(1881, 31, 5, 18.71, 'normale'),
(1882, 31, 6, 17.34, 'normale'),
(1883, 31, 7, 10.11, 'rattrapage'),
(1884, 32, 1, 8.60, 'normale'),
(1885, 32, 2, 19.01, 'normale'),
(1886, 32, 3, 13.48, 'rattrapage'),
(1887, 32, 4, 16.01, 'normale'),
(1888, 32, 5, 19.40, 'rattrapage'),
(1889, 32, 6, 15.35, 'rattrapage'),
(1890, 32, 7, 17.97, 'rattrapage'),
(1891, 33, 1, 18.77, 'rattrapage'),
(1892, 33, 2, 13.40, 'normale'),
(1893, 33, 3, 18.08, 'normale'),
(1894, 33, 4, 17.19, 'rattrapage'),
(1895, 33, 5, 15.52, 'normale'),
(1896, 33, 6, 13.28, 'normale'),
(1897, 33, 7, 10.81, 'normale'),
(1898, 34, 1, 11.84, 'normale'),
(1899, 34, 2, 9.66, 'normale'),
(1900, 34, 3, 12.60, 'normale'),
(1901, 34, 4, 16.48, 'normale'),
(1902, 34, 5, 12.98, 'normale'),
(1903, 34, 6, 14.51, 'rattrapage'),
(1904, 34, 7, 8.75, 'rattrapage'),
(1905, 35, 1, 12.67, 'normale'),
(1906, 35, 2, 18.28, 'rattrapage'),
(1907, 35, 3, 13.72, 'normale'),
(1908, 35, 4, 11.58, 'rattrapage'),
(1909, 35, 5, 18.24, 'rattrapage'),
(1910, 35, 6, 14.46, 'normale'),
(1911, 35, 7, 13.86, 'normale'),
(1912, 36, 1, 13.23, 'normale'),
(1913, 36, 2, 12.67, 'rattrapage'),
(1914, 36, 3, 16.69, 'rattrapage'),
(1915, 36, 4, 19.03, 'normale'),
(1916, 36, 5, 18.88, 'normale'),
(1917, 36, 6, 9.01, 'rattrapage'),
(1918, 36, 7, 9.63, 'rattrapage'),
(1919, 37, 1, 10.18, 'normale'),
(1920, 37, 2, 12.55, 'normale'),
(1921, 37, 3, 13.46, 'normale'),
(1922, 37, 4, 17.13, 'rattrapage'),
(1923, 37, 5, 11.34, 'rattrapage'),
(1924, 37, 6, 11.03, 'normale'),
(1925, 37, 7, 13.64, 'normale'),
(1926, 38, 1, 20.00, 'normale'),
(1927, 38, 2, 10.69, 'normale'),
(1928, 38, 3, 17.37, 'normale'),
(1929, 38, 4, 17.05, 'normale'),
(1930, 38, 5, 10.39, 'normale'),
(1931, 38, 6, 15.46, 'normale'),
(1932, 38, 7, 9.51, 'normale'),
(1933, 39, 1, 14.77, 'normale'),
(1934, 39, 2, 13.58, 'normale'),
(1935, 39, 3, 17.20, 'normale'),
(1936, 39, 4, 15.27, 'normale'),
(1937, 39, 5, 17.33, 'normale'),
(1938, 39, 6, 19.58, 'normale'),
(1939, 39, 7, 14.94, 'normale'),
(1940, 40, 1, 14.91, 'rattrapage'),
(1941, 40, 2, 12.76, 'normale'),
(1942, 40, 3, 8.91, 'normale'),
(1943, 40, 4, 9.22, 'normale'),
(1944, 40, 5, 18.20, 'normale'),
(1945, 40, 6, 17.55, 'normale'),
(1946, 40, 7, 12.17, 'rattrapage'),
(1947, 41, 1, 15.94, 'normale'),
(1948, 41, 2, 14.07, 'normale'),
(1949, 41, 3, 8.15, 'rattrapage'),
(1950, 41, 4, 17.87, 'normale'),
(1951, 41, 5, 13.20, 'normale'),
(1952, 41, 6, 15.63, 'rattrapage'),
(1953, 41, 7, 16.49, 'rattrapage'),
(1954, 42, 1, 10.11, 'normale'),
(1955, 42, 2, 15.39, 'rattrapage'),
(1956, 42, 3, 13.58, 'normale'),
(1957, 42, 4, 11.87, 'normale'),
(1958, 42, 5, 17.97, 'normale'),
(1959, 42, 6, 11.35, 'rattrapage'),
(1960, 42, 7, 10.93, 'rattrapage'),
(1961, 43, 1, 14.84, 'rattrapage'),
(1962, 43, 2, 12.04, 'rattrapage'),
(1963, 43, 3, 18.21, 'normale'),
(1964, 43, 4, 13.85, 'normale'),
(1965, 43, 5, 17.57, 'normale'),
(1966, 43, 6, 11.36, 'normale'),
(1967, 43, 7, 14.67, 'normale'),
(1968, 44, 1, 9.03, 'rattrapage'),
(1969, 44, 2, 13.86, 'normale'),
(1970, 44, 3, 16.29, 'rattrapage'),
(1971, 44, 4, 13.38, 'normale'),
(1972, 44, 5, 9.12, 'normale'),
(1973, 44, 6, 12.85, 'normale'),
(1974, 44, 7, 11.67, 'normale'),
(1975, 45, 1, 13.68, 'normale'),
(1976, 45, 2, 13.11, 'normale'),
(1977, 45, 3, 12.22, 'rattrapage'),
(1978, 45, 4, 11.25, 'normale'),
(1979, 45, 5, 10.77, 'normale'),
(1980, 45, 6, 11.79, 'normale'),
(1981, 45, 7, 10.30, 'rattrapage'),
(1982, 46, 1, 11.32, 'normale'),
(1983, 46, 2, 19.77, 'normale'),
(1984, 46, 3, 11.55, 'normale'),
(1985, 46, 4, 10.15, 'normale'),
(1986, 46, 5, 16.50, 'normale'),
(1987, 46, 6, 11.29, 'normale'),
(1988, 46, 7, 14.64, 'normale'),
(1989, 47, 1, 15.65, 'rattrapage'),
(1990, 47, 2, 9.23, 'normale'),
(1991, 47, 3, 14.89, 'rattrapage'),
(1992, 47, 4, 13.74, 'normale'),
(1993, 47, 5, 10.21, 'normale'),
(1994, 47, 6, 11.03, 'rattrapage'),
(1995, 47, 7, 9.37, 'normale'),
(1996, 48, 1, 12.81, 'normale'),
(1997, 48, 2, 14.92, 'normale'),
(1998, 48, 3, 9.82, 'normale'),
(1999, 48, 4, 9.02, 'normale'),
(2000, 48, 5, 9.42, 'rattrapage'),
(2001, 48, 6, 15.28, 'normale'),
(2002, 48, 7, 17.31, 'rattrapage'),
(2003, 49, 1, 13.41, 'rattrapage'),
(2004, 49, 2, 11.57, 'rattrapage'),
(2005, 49, 3, 11.66, 'normale'),
(2006, 49, 4, 15.32, 'normale'),
(2007, 49, 5, 19.37, 'normale'),
(2008, 49, 6, 15.51, 'normale'),
(2009, 49, 7, 15.93, 'normale'),
(2010, 50, 1, 10.88, 'normale'),
(2011, 50, 2, 9.88, 'rattrapage'),
(2012, 50, 3, 13.41, 'rattrapage'),
(2013, 50, 4, 11.50, 'normale'),
(2014, 50, 5, 11.46, 'normale'),
(2015, 50, 6, 16.44, 'rattrapage'),
(2016, 50, 7, 8.85, 'normale'),
(2017, 51, 1, 19.09, 'normale'),
(2018, 51, 2, 13.10, 'normale'),
(2019, 51, 3, 15.77, 'normale'),
(2020, 51, 4, 17.92, 'normale'),
(2021, 51, 5, 8.72, 'normale'),
(2022, 51, 6, 15.14, 'normale'),
(2023, 51, 7, 13.27, 'rattrapage'),
(2024, 52, 1, 16.26, 'rattrapage'),
(2025, 52, 2, 19.31, 'rattrapage'),
(2026, 52, 3, 13.25, 'normale'),
(2027, 52, 4, 18.67, 'normale'),
(2028, 52, 5, 15.24, 'normale'),
(2029, 52, 6, 9.10, 'normale'),
(2030, 52, 7, 19.99, 'normale'),
(2031, 53, 1, 14.91, 'normale'),
(2032, 53, 2, 13.65, 'rattrapage'),
(2033, 53, 3, 18.99, 'normale'),
(2034, 53, 4, 19.96, 'rattrapage'),
(2035, 53, 5, 15.62, 'rattrapage'),
(2036, 53, 6, 19.63, 'rattrapage'),
(2037, 53, 7, 12.18, 'normale'),
(2038, 54, 1, 11.85, 'normale'),
(2039, 54, 2, 18.29, 'normale'),
(2040, 54, 3, 12.94, 'rattrapage'),
(2041, 54, 4, 11.46, 'rattrapage'),
(2042, 54, 5, 17.76, 'normale'),
(2043, 54, 6, 13.46, 'normale'),
(2044, 54, 7, 11.03, 'normale'),
(2045, 55, 1, 19.64, 'rattrapage'),
(2046, 55, 2, 18.38, 'normale'),
(2047, 55, 3, 15.89, 'rattrapage'),
(2048, 55, 4, 12.96, 'normale'),
(2049, 55, 5, 14.22, 'rattrapage'),
(2050, 55, 6, 15.50, 'normale'),
(2051, 55, 7, 10.44, 'normale'),
(2052, 56, 1, 19.13, 'rattrapage'),
(2053, 56, 2, 18.57, 'rattrapage'),
(2054, 56, 3, 9.46, 'normale'),
(2055, 56, 4, 16.52, 'normale'),
(2056, 56, 5, 14.61, 'rattrapage'),
(2057, 56, 6, 9.12, 'normale'),
(2058, 56, 7, 13.54, 'normale'),
(2059, 57, 1, 15.77, 'normale'),
(2060, 57, 2, 13.98, 'normale'),
(2061, 57, 3, 14.11, 'normale'),
(2062, 57, 4, 12.99, 'rattrapage'),
(2063, 57, 5, 19.76, 'normale'),
(2064, 57, 6, 13.48, 'normale'),
(2065, 57, 7, 12.60, 'normale'),
(2066, 58, 1, 18.37, 'normale'),
(2067, 58, 2, 17.27, 'rattrapage'),
(2068, 58, 3, 12.08, 'normale'),
(2069, 58, 4, 17.85, 'normale'),
(2070, 58, 5, 16.71, 'rattrapage'),
(2071, 58, 6, 18.38, 'rattrapage'),
(2072, 58, 7, 14.46, 'normale'),
(2073, 59, 1, 11.99, 'rattrapage'),
(2074, 59, 2, 13.46, 'normale'),
(2075, 59, 3, 18.44, 'normale'),
(2076, 59, 4, 14.86, 'normale'),
(2077, 59, 5, 18.27, 'rattrapage'),
(2078, 59, 6, 8.52, 'rattrapage'),
(2079, 59, 7, 16.46, 'rattrapage'),
(2080, 60, 1, 12.63, 'normale'),
(2081, 60, 2, 13.94, 'normale'),
(2082, 60, 3, 9.51, 'normale'),
(2083, 60, 4, 18.44, 'rattrapage'),
(2084, 60, 5, 9.20, 'rattrapage'),
(2085, 60, 6, 8.18, 'normale'),
(2086, 60, 7, 12.92, 'normale'),
(2087, 61, 1, 8.90, 'normale'),
(2088, 61, 2, 12.06, 'rattrapage'),
(2089, 61, 3, 15.80, 'normale'),
(2090, 61, 4, 18.23, 'rattrapage'),
(2091, 61, 5, 19.45, 'rattrapage'),
(2092, 61, 6, 18.47, 'normale'),
(2093, 61, 7, 15.41, 'normale'),
(2094, 62, 1, 15.57, 'normale'),
(2095, 62, 2, 19.97, 'normale'),
(2096, 62, 3, 13.21, 'normale'),
(2097, 62, 4, 17.12, 'normale'),
(2098, 62, 5, 13.32, 'normale'),
(2099, 62, 6, 18.84, 'normale'),
(2100, 62, 7, 11.89, 'normale'),
(2101, 63, 1, 11.52, 'normale'),
(2102, 63, 2, 13.17, 'normale'),
(2103, 63, 3, 14.37, 'normale'),
(2104, 63, 4, 10.04, 'normale'),
(2105, 63, 5, 15.31, 'rattrapage'),
(2106, 63, 6, 15.44, 'normale'),
(2107, 63, 7, 13.97, 'normale'),
(2108, 64, 1, 10.79, 'normale'),
(2109, 64, 2, 13.51, 'normale'),
(2110, 64, 3, 18.79, 'rattrapage'),
(2111, 64, 4, 18.81, 'normale'),
(2112, 64, 5, 8.89, 'normale'),
(2113, 64, 6, 19.85, 'normale'),
(2114, 64, 7, 15.67, 'rattrapage'),
(2115, 65, 1, 16.28, 'rattrapage'),
(2116, 65, 2, 18.14, 'normale'),
(2117, 65, 3, 19.99, 'rattrapage'),
(2118, 65, 4, 9.28, 'rattrapage'),
(2119, 65, 5, 14.86, 'normale'),
(2120, 65, 6, 19.91, 'normale'),
(2121, 65, 7, 8.26, 'rattrapage'),
(2122, 66, 1, 11.29, 'normale'),
(2123, 66, 2, 18.93, 'rattrapage'),
(2124, 66, 3, 17.99, 'normale'),
(2125, 66, 4, 17.31, 'normale'),
(2126, 66, 5, 15.28, 'normale'),
(2127, 66, 6, 10.63, 'normale'),
(2128, 66, 7, 15.45, 'normale'),
(2129, 67, 1, 15.54, 'normale'),
(2130, 67, 2, 11.71, 'rattrapage'),
(2131, 67, 3, 8.40, 'normale'),
(2132, 67, 4, 16.79, 'normale'),
(2133, 67, 5, 18.92, 'normale'),
(2134, 67, 6, 16.97, 'normale'),
(2135, 67, 7, 10.41, 'normale'),
(2136, 68, 1, 14.37, 'normale'),
(2137, 68, 2, 17.97, 'normale'),
(2138, 68, 3, 18.97, 'rattrapage'),
(2139, 68, 4, 19.61, 'normale'),
(2140, 68, 5, 16.96, 'normale'),
(2141, 68, 6, 17.65, 'rattrapage'),
(2142, 68, 7, 19.55, 'normale'),
(2143, 69, 1, 17.05, 'normale'),
(2144, 69, 2, 18.32, 'rattrapage'),
(2145, 69, 3, 19.61, 'normale'),
(2146, 69, 4, 9.08, 'rattrapage'),
(2147, 69, 5, 8.17, 'normale'),
(2148, 69, 6, 13.46, 'normale'),
(2149, 69, 7, 15.01, 'normale'),
(2150, 70, 1, 9.30, 'normale'),
(2151, 70, 2, 13.66, 'normale'),
(2152, 70, 3, 18.98, 'normale'),
(2153, 70, 4, 15.77, 'rattrapage'),
(2154, 70, 5, 18.91, 'normale'),
(2155, 70, 6, 15.79, 'normale'),
(2156, 70, 7, 9.68, 'normale'),
(2157, 71, 1, 11.65, 'rattrapage'),
(2158, 71, 2, 9.39, 'normale'),
(2159, 71, 3, 18.65, 'normale'),
(2160, 71, 4, 12.66, 'normale'),
(2161, 71, 5, 16.05, 'rattrapage'),
(2162, 71, 6, 15.05, 'normale'),
(2163, 71, 7, 18.62, 'normale'),
(2164, 72, 1, 18.00, 'rattrapage'),
(2165, 72, 2, 19.27, 'normale'),
(2166, 72, 3, 8.39, 'normale'),
(2167, 72, 4, 10.61, 'rattrapage'),
(2168, 72, 5, 19.41, 'normale'),
(2169, 72, 6, 9.19, 'normale'),
(2170, 72, 7, 14.53, 'normale'),
(2171, 73, 1, 8.73, 'normale'),
(2172, 73, 2, 10.28, 'normale'),
(2173, 73, 3, 19.39, 'rattrapage'),
(2174, 73, 4, 9.10, 'normale'),
(2175, 73, 5, 15.70, 'normale'),
(2176, 73, 6, 8.61, 'normale'),
(2177, 73, 7, 10.92, 'normale'),
(2178, 74, 1, 17.44, 'normale'),
(2179, 74, 2, 8.82, 'normale'),
(2180, 74, 3, 15.04, 'normale'),
(2181, 74, 4, 11.94, 'normale'),
(2182, 74, 5, 17.46, 'normale'),
(2183, 74, 6, 11.33, 'normale'),
(2184, 74, 7, 19.85, 'normale'),
(2185, 75, 1, 17.58, 'normale'),
(2186, 75, 2, 15.93, 'normale'),
(2187, 75, 3, 9.58, 'normale'),
(2188, 75, 4, 17.48, 'normale'),
(2189, 75, 5, 15.07, 'normale'),
(2190, 75, 6, 10.09, 'normale'),
(2191, 75, 7, 9.52, 'rattrapage'),
(2192, 76, 1, 14.31, 'normale'),
(2193, 76, 2, 13.71, 'normale'),
(2194, 76, 3, 14.16, 'normale'),
(2195, 76, 4, 13.42, 'normale'),
(2196, 76, 5, 19.34, 'normale'),
(2197, 76, 6, 16.73, 'normale'),
(2198, 76, 7, 13.50, 'normale'),
(2199, 77, 1, 8.73, 'rattrapage'),
(2200, 77, 2, 18.17, 'rattrapage'),
(2201, 77, 3, 16.23, 'rattrapage'),
(2202, 77, 4, 16.55, 'rattrapage'),
(2203, 77, 5, 8.88, 'normale'),
(2204, 77, 6, 11.87, 'normale'),
(2205, 77, 7, 8.79, 'normale'),
(2206, 78, 1, 15.49, 'normale'),
(2207, 78, 2, 12.57, 'normale'),
(2208, 78, 3, 13.44, 'rattrapage'),
(2209, 78, 4, 9.19, 'normale'),
(2210, 78, 5, 18.23, 'normale'),
(2211, 78, 6, 13.16, 'normale'),
(2212, 78, 7, 12.97, 'rattrapage'),
(2213, 79, 1, 12.78, 'normale'),
(2214, 79, 2, 11.75, 'normale'),
(2215, 79, 3, 15.98, 'normale'),
(2216, 79, 4, 19.44, 'rattrapage'),
(2217, 79, 5, 8.81, 'normale'),
(2218, 79, 6, 9.12, 'normale'),
(2219, 79, 7, 16.94, 'normale'),
(2220, 80, 1, 17.74, 'normale'),
(2221, 80, 2, 15.04, 'normale'),
(2222, 80, 3, 16.04, 'rattrapage'),
(2223, 80, 4, 12.24, 'rattrapage'),
(2224, 80, 5, 18.42, 'normale'),
(2225, 80, 6, 19.62, 'normale'),
(2226, 80, 7, 12.22, 'normale'),
(2227, 81, 1, 9.86, 'rattrapage'),
(2228, 81, 2, 10.69, 'normale'),
(2229, 81, 3, 12.20, 'normale'),
(2230, 81, 4, 9.38, 'normale'),
(2231, 81, 5, 14.89, 'rattrapage'),
(2232, 81, 6, 18.14, 'normale'),
(2233, 81, 7, 15.31, 'normale'),
(2234, 82, 1, 8.35, 'normale'),
(2235, 82, 2, 16.43, 'normale'),
(2236, 82, 3, 19.06, 'normale'),
(2237, 82, 4, 8.07, 'normale'),
(2238, 82, 5, 14.80, 'rattrapage'),
(2239, 82, 6, 8.84, 'normale'),
(2240, 82, 7, 9.10, 'normale'),
(2241, 83, 1, 12.51, 'rattrapage'),
(2242, 83, 2, 12.09, 'normale'),
(2243, 83, 3, 11.74, 'normale'),
(2244, 83, 4, 17.32, 'normale'),
(2245, 83, 5, 18.60, 'normale'),
(2246, 83, 6, 9.89, 'normale'),
(2247, 83, 7, 16.09, 'normale'),
(2248, 84, 1, 13.32, 'rattrapage'),
(2249, 84, 2, 13.83, 'rattrapage'),
(2250, 84, 3, 12.97, 'normale'),
(2251, 84, 4, 17.06, 'normale'),
(2252, 84, 5, 12.14, 'normale'),
(2253, 84, 6, 11.40, 'rattrapage'),
(2254, 84, 7, 14.32, 'normale'),
(2255, 85, 1, 8.55, 'rattrapage'),
(2256, 85, 2, 19.81, 'normale'),
(2257, 85, 3, 8.09, 'normale'),
(2258, 85, 4, 19.34, 'normale'),
(2259, 85, 5, 17.17, 'normale'),
(2260, 85, 6, 11.94, 'normale'),
(2261, 85, 7, 13.97, 'rattrapage'),
(2262, 86, 1, 10.11, 'rattrapage'),
(2263, 86, 2, 14.39, 'normale'),
(2264, 86, 3, 14.00, 'normale'),
(2265, 86, 4, 8.86, 'normale'),
(2266, 86, 5, 13.23, 'rattrapage'),
(2267, 86, 6, 19.05, 'normale'),
(2268, 86, 7, 14.91, 'rattrapage'),
(2269, 87, 1, 16.51, 'rattrapage'),
(2270, 87, 2, 11.47, 'rattrapage'),
(2271, 87, 3, 8.25, 'normale'),
(2272, 87, 4, 10.06, 'rattrapage'),
(2273, 87, 5, 17.98, 'normale'),
(2274, 87, 6, 9.06, 'normale'),
(2275, 87, 7, 10.92, 'rattrapage'),
(2276, 88, 1, 14.29, 'rattrapage'),
(2277, 88, 2, 18.45, 'normale'),
(2278, 88, 3, 10.66, 'normale'),
(2279, 88, 4, 8.92, 'normale'),
(2280, 88, 5, 14.37, 'normale'),
(2281, 88, 6, 18.87, 'normale'),
(2282, 88, 7, 12.21, 'normale'),
(2283, 89, 1, 10.84, 'normale'),
(2284, 89, 2, 11.07, 'normale'),
(2285, 89, 3, 15.23, 'normale'),
(2286, 89, 4, 10.13, 'rattrapage'),
(2287, 89, 5, 13.57, 'rattrapage'),
(2288, 89, 6, 16.17, 'normale'),
(2289, 89, 7, 18.37, 'normale'),
(2290, 90, 1, 9.81, 'normale'),
(2291, 90, 2, 13.63, 'normale'),
(2292, 90, 3, 17.56, 'normale'),
(2293, 90, 4, 12.22, 'normale'),
(2294, 90, 5, 11.72, 'rattrapage'),
(2295, 90, 6, 8.45, 'normale'),
(2296, 90, 7, 17.98, 'normale'),
(2297, 91, 1, 15.74, 'normale'),
(2298, 91, 2, 15.38, 'rattrapage'),
(2299, 91, 3, 13.55, 'normale'),
(2300, 91, 4, 13.40, 'normale'),
(2301, 91, 5, 11.86, 'rattrapage'),
(2302, 91, 6, 14.02, 'normale'),
(2303, 91, 7, 13.41, 'normale'),
(2304, 92, 1, 19.79, 'normale'),
(2305, 92, 2, 14.05, 'normale'),
(2306, 92, 3, 8.47, 'rattrapage'),
(2307, 92, 4, 19.89, 'normale'),
(2308, 92, 5, 12.37, 'normale'),
(2309, 92, 6, 12.65, 'normale'),
(2310, 92, 7, 16.15, 'normale'),
(2311, 93, 1, 17.47, 'normale'),
(2312, 93, 2, 8.79, 'normale'),
(2313, 93, 3, 14.70, 'rattrapage'),
(2314, 93, 4, 11.41, 'normale'),
(2315, 93, 5, 12.00, 'normale'),
(2316, 93, 6, 19.00, 'normale'),
(2317, 93, 7, 19.61, 'rattrapage'),
(2318, 94, 1, 9.55, 'normale'),
(2319, 94, 2, 11.71, 'rattrapage'),
(2320, 94, 3, 15.72, 'normale'),
(2321, 94, 4, 17.76, 'normale'),
(2322, 94, 5, 15.75, 'rattrapage'),
(2323, 94, 6, 14.10, 'normale'),
(2324, 94, 7, 12.35, 'normale'),
(2325, 95, 1, 19.41, 'normale'),
(2326, 95, 2, 19.37, 'rattrapage'),
(2327, 95, 3, 10.30, 'normale'),
(2328, 95, 4, 9.86, 'normale'),
(2329, 95, 5, 18.13, 'normale'),
(2330, 95, 6, 14.09, 'normale'),
(2331, 95, 7, 15.94, 'normale'),
(2332, 96, 1, 15.17, 'normale'),
(2333, 96, 2, 9.95, 'normale'),
(2334, 96, 3, 16.65, 'normale'),
(2335, 96, 4, 12.93, 'normale'),
(2336, 96, 5, 19.64, 'normale'),
(2337, 96, 6, 17.03, 'rattrapage'),
(2338, 96, 7, 10.81, 'normale'),
(2339, 97, 1, 11.71, 'rattrapage'),
(2340, 97, 2, 18.85, 'normale'),
(2341, 97, 3, 12.41, 'rattrapage'),
(2342, 97, 4, 13.54, 'normale'),
(2343, 97, 5, 17.34, 'rattrapage'),
(2344, 97, 6, 19.60, 'normale'),
(2345, 97, 7, 17.62, 'normale'),
(2346, 98, 1, 18.48, 'normale'),
(2347, 98, 2, 15.69, 'normale'),
(2348, 98, 3, 14.65, 'normale'),
(2349, 98, 4, 16.54, 'normale'),
(2350, 98, 5, 11.42, 'normale'),
(2351, 98, 6, 11.27, 'normale'),
(2352, 98, 7, 17.97, 'normale'),
(2353, 99, 1, 19.36, 'normale'),
(2354, 99, 2, 17.80, 'normale'),
(2355, 99, 3, 19.17, 'rattrapage'),
(2356, 99, 4, 8.64, 'normale'),
(2357, 99, 5, 10.83, 'normale'),
(2358, 99, 6, 12.50, 'normale'),
(2359, 99, 7, 11.82, 'normale'),
(2360, 100, 1, 18.07, 'normale'),
(2361, 100, 2, 17.50, 'normale'),
(2362, 100, 3, 8.46, 'rattrapage'),
(2363, 100, 4, 16.35, 'normale'),
(2364, 100, 5, 17.11, 'rattrapage'),
(2365, 100, 6, 13.38, 'normale'),
(2366, 100, 7, 18.87, 'normale'),
(2367, 101, 1, 11.07, 'normale'),
(2368, 101, 2, 14.59, 'rattrapage'),
(2369, 101, 3, 9.33, 'normale'),
(2370, 101, 4, 10.85, 'normale'),
(2371, 101, 5, 8.57, 'rattrapage'),
(2372, 101, 6, 15.67, 'rattrapage'),
(2373, 101, 7, 8.75, 'rattrapage'),
(2374, 102, 1, 15.16, 'normale'),
(2375, 102, 2, 15.58, 'normale'),
(2376, 102, 3, 16.62, 'normale'),
(2377, 102, 4, 13.15, 'normale'),
(2378, 102, 5, 10.89, 'rattrapage'),
(2379, 102, 6, 10.25, 'normale'),
(2380, 102, 7, 14.28, 'normale'),
(2381, 103, 1, 8.81, 'normale'),
(2382, 103, 2, 12.69, 'rattrapage'),
(2383, 103, 3, 8.52, 'rattrapage'),
(2384, 103, 4, 19.77, 'normale'),
(2385, 103, 5, 16.97, 'normale'),
(2386, 103, 6, 17.46, 'normale'),
(2387, 103, 7, 10.89, 'normale'),
(2388, 104, 1, 17.26, 'normale'),
(2389, 104, 2, 9.60, 'normale'),
(2390, 104, 3, 14.55, 'normale'),
(2391, 104, 4, 17.96, 'rattrapage'),
(2392, 104, 5, 19.77, 'rattrapage'),
(2393, 104, 6, 15.58, 'normale'),
(2394, 104, 7, 8.76, 'rattrapage'),
(2395, 105, 1, 8.44, 'normale'),
(2396, 105, 2, 8.53, 'normale'),
(2397, 105, 3, 18.63, 'normale'),
(2398, 105, 4, 19.20, 'rattrapage'),
(2399, 105, 5, 19.87, 'rattrapage'),
(2400, 105, 6, 11.04, 'normale'),
(2401, 105, 7, 11.43, 'normale'),
(2402, 106, 1, 18.39, 'normale'),
(2403, 106, 2, 11.28, 'normale'),
(2404, 106, 3, 13.24, 'rattrapage'),
(2405, 106, 4, 16.92, 'rattrapage'),
(2406, 106, 5, 12.07, 'normale'),
(2407, 106, 6, 13.95, 'rattrapage'),
(2408, 106, 7, 12.41, 'normale'),
(2409, 107, 1, 17.61, 'rattrapage'),
(2410, 107, 2, 8.95, 'normale'),
(2411, 107, 3, 14.55, 'normale'),
(2412, 107, 4, 9.23, 'normale'),
(2413, 107, 5, 15.93, 'normale'),
(2414, 107, 6, 13.35, 'rattrapage'),
(2415, 107, 7, 10.00, 'rattrapage'),
(2416, 108, 1, 12.22, 'normale'),
(2417, 108, 2, 16.72, 'normale'),
(2418, 108, 3, 15.38, 'rattrapage'),
(2419, 108, 4, 11.29, 'normale'),
(2420, 108, 5, 8.90, 'rattrapage'),
(2421, 108, 6, 12.36, 'normale'),
(2422, 108, 7, 19.43, 'normale'),
(2423, 109, 1, 18.18, 'rattrapage'),
(2424, 109, 2, 8.42, 'normale'),
(2425, 109, 3, 10.83, 'normale'),
(2426, 109, 4, 12.35, 'normale'),
(2427, 109, 5, 15.26, 'rattrapage'),
(2428, 109, 6, 19.39, 'normale'),
(2429, 109, 7, 13.33, 'normale'),
(2430, 110, 1, 14.89, 'normale'),
(2431, 110, 2, 12.78, 'normale'),
(2432, 110, 3, 11.00, 'normale'),
(2433, 110, 4, 8.31, 'normale'),
(2434, 110, 5, 13.99, 'rattrapage'),
(2435, 110, 6, 18.96, 'normale'),
(2436, 110, 7, 11.14, 'normale'),
(2437, 111, 1, 16.45, 'normale'),
(2438, 111, 2, 19.96, 'normale'),
(2439, 111, 3, 16.33, 'rattrapage'),
(2440, 111, 4, 10.40, 'normale'),
(2441, 111, 5, 18.23, 'rattrapage'),
(2442, 111, 6, 10.07, 'rattrapage'),
(2443, 111, 7, 19.97, 'normale'),
(2444, 112, 1, 16.01, 'normale'),
(2445, 112, 2, 14.60, 'normale'),
(2446, 112, 3, 18.70, 'normale'),
(2447, 112, 4, 16.54, 'normale'),
(2448, 112, 5, 17.52, 'normale'),
(2449, 112, 6, 9.46, 'normale'),
(2450, 112, 7, 17.50, 'normale'),
(2451, 113, 1, 17.48, 'normale'),
(2452, 113, 2, 12.33, 'normale'),
(2453, 113, 3, 13.61, 'normale'),
(2454, 113, 4, 15.34, 'normale'),
(2455, 113, 5, 8.79, 'rattrapage'),
(2456, 113, 6, 20.00, 'rattrapage'),
(2457, 113, 7, 14.31, 'rattrapage'),
(2458, 114, 1, 17.88, 'normale'),
(2459, 114, 2, 9.50, 'normale'),
(2460, 114, 3, 15.71, 'rattrapage'),
(2461, 114, 4, 13.59, 'normale'),
(2462, 114, 5, 9.54, 'normale'),
(2463, 114, 6, 17.21, 'normale'),
(2464, 114, 7, 13.19, 'normale'),
(2465, 115, 1, 17.98, 'normale'),
(2466, 115, 2, 11.65, 'normale'),
(2467, 115, 3, 11.87, 'normale'),
(2468, 115, 4, 12.15, 'normale'),
(2469, 115, 5, 18.15, 'normale'),
(2470, 115, 6, 10.36, 'normale'),
(2471, 115, 7, 9.50, 'normale'),
(2472, 116, 1, 15.37, 'normale'),
(2473, 116, 2, 14.03, 'normale'),
(2474, 116, 3, 15.10, 'normale'),
(2475, 116, 4, 10.05, 'normale'),
(2476, 116, 5, 18.11, 'normale'),
(2477, 116, 6, 17.90, 'normale'),
(2478, 116, 7, 8.97, 'normale'),
(2479, 117, 1, 15.81, 'rattrapage'),
(2480, 117, 2, 15.42, 'normale'),
(2481, 117, 3, 13.98, 'normale'),
(2482, 117, 4, 15.70, 'normale'),
(2483, 117, 5, 13.80, 'rattrapage'),
(2484, 117, 6, 11.57, 'normale'),
(2485, 117, 7, 16.26, 'normale'),
(2486, 118, 1, 13.28, 'rattrapage'),
(2487, 118, 2, 13.57, 'normale'),
(2488, 118, 3, 15.28, 'normale'),
(2489, 118, 4, 18.34, 'normale'),
(2490, 118, 5, 16.81, 'normale'),
(2491, 118, 6, 19.70, 'normale'),
(2492, 118, 7, 17.13, 'normale'),
(2493, 119, 1, 11.83, 'rattrapage'),
(2494, 119, 2, 9.47, 'rattrapage'),
(2495, 119, 3, 10.98, 'normale'),
(2496, 119, 4, 8.61, 'rattrapage'),
(2497, 119, 5, 18.37, 'rattrapage'),
(2498, 119, 6, 10.98, 'normale'),
(2499, 119, 7, 17.76, 'normale'),
(2500, 120, 1, 10.28, 'normale'),
(2501, 120, 2, 13.98, 'rattrapage'),
(2502, 120, 3, 13.99, 'normale'),
(2503, 120, 4, 13.97, 'normale'),
(2504, 120, 5, 19.34, 'rattrapage'),
(2505, 120, 6, 19.60, 'normale'),
(2506, 120, 7, 15.00, 'normale'),
(2507, 121, 1, 8.61, 'rattrapage'),
(2508, 121, 2, 15.17, 'rattrapage'),
(2509, 121, 3, 11.43, 'normale'),
(2510, 121, 4, 18.17, 'rattrapage'),
(2511, 121, 5, 9.61, 'normale'),
(2512, 121, 6, 16.73, 'rattrapage'),
(2513, 121, 7, 12.39, 'rattrapage'),
(2514, 122, 1, 8.61, 'normale'),
(2515, 122, 2, 12.35, 'normale'),
(2516, 122, 3, 8.88, 'rattrapage'),
(2517, 122, 4, 17.17, 'normale'),
(2518, 122, 5, 17.90, 'normale'),
(2519, 122, 6, 9.54, 'normale'),
(2520, 122, 7, 12.73, 'normale'),
(2521, 123, 1, 14.69, 'normale'),
(2522, 123, 2, 17.06, 'normale'),
(2523, 123, 3, 15.23, 'rattrapage'),
(2524, 123, 4, 14.00, 'normale'),
(2525, 123, 5, 8.47, 'normale'),
(2526, 123, 6, 17.65, 'rattrapage'),
(2527, 123, 7, 9.79, 'normale'),
(2528, 124, 1, 11.94, 'normale'),
(2529, 124, 2, 9.95, 'normale'),
(2530, 124, 3, 15.12, 'rattrapage'),
(2531, 124, 4, 16.50, 'normale'),
(2532, 124, 5, 13.70, 'normale'),
(2533, 124, 6, 12.42, 'normale'),
(2534, 124, 7, 19.76, 'normale'),
(2535, 125, 1, 17.56, 'normale'),
(2536, 125, 2, 15.16, 'normale'),
(2537, 125, 3, 19.60, 'normale'),
(2538, 125, 4, 16.66, 'rattrapage'),
(2539, 125, 5, 10.05, 'rattrapage'),
(2540, 125, 6, 9.77, 'normale'),
(2541, 125, 7, 8.38, 'normale'),
(2542, 126, 1, 10.29, 'rattrapage'),
(2543, 126, 2, 11.76, 'normale'),
(2544, 126, 3, 12.96, 'normale'),
(2545, 126, 4, 12.92, 'rattrapage'),
(2546, 126, 5, 18.47, 'normale'),
(2547, 126, 6, 16.47, 'normale'),
(2548, 126, 7, 14.73, 'rattrapage'),
(2549, 127, 1, 14.31, 'normale'),
(2550, 127, 2, 19.48, 'rattrapage'),
(2551, 127, 3, 18.95, 'normale'),
(2552, 127, 4, 14.56, 'normale'),
(2553, 127, 5, 15.32, 'normale'),
(2554, 127, 6, 19.49, 'normale'),
(2555, 127, 7, 14.70, 'normale'),
(2556, 128, 1, 19.30, 'normale'),
(2557, 128, 2, 17.25, 'normale'),
(2558, 128, 3, 16.28, 'rattrapage'),
(2559, 128, 4, 11.80, 'normale'),
(2560, 128, 5, 14.73, 'normale'),
(2561, 128, 6, 11.45, 'rattrapage'),
(2562, 128, 7, 18.75, 'rattrapage'),
(2563, 129, 1, 17.82, 'normale'),
(2564, 129, 2, 11.49, 'normale'),
(2565, 129, 3, 19.46, 'normale'),
(2566, 129, 4, 12.16, 'rattrapage'),
(2567, 129, 5, 15.87, 'rattrapage'),
(2568, 129, 6, 10.57, 'normale'),
(2569, 129, 7, 19.20, 'normale'),
(2570, 130, 1, 9.65, 'normale'),
(2571, 130, 2, 10.91, 'normale'),
(2572, 130, 3, 15.66, 'normale'),
(2573, 130, 4, 9.20, 'normale'),
(2574, 130, 5, 16.61, 'normale'),
(2575, 130, 6, 16.17, 'normale'),
(2576, 130, 7, 8.06, 'normale'),
(2577, 131, 1, 12.88, 'rattrapage'),
(2578, 131, 2, 13.73, 'normale'),
(2579, 131, 3, 17.07, 'normale'),
(2580, 131, 4, 11.85, 'normale'),
(2581, 131, 5, 18.90, 'normale'),
(2582, 131, 6, 15.83, 'normale'),
(2583, 131, 7, 14.42, 'normale'),
(2584, 132, 1, 18.96, 'normale'),
(2585, 132, 2, 13.01, 'normale'),
(2586, 132, 3, 19.21, 'normale'),
(2587, 132, 4, 19.97, 'rattrapage'),
(2588, 132, 5, 17.46, 'normale'),
(2589, 132, 6, 19.24, 'normale'),
(2590, 132, 7, 18.52, 'normale'),
(2591, 133, 1, 11.58, 'normale'),
(2592, 133, 2, 19.14, 'normale'),
(2593, 133, 3, 11.41, 'rattrapage'),
(2594, 133, 4, 18.67, 'normale'),
(2595, 133, 5, 18.21, 'rattrapage'),
(2596, 133, 6, 11.27, 'normale'),
(2597, 133, 7, 11.97, 'rattrapage'),
(2598, 134, 1, 15.78, 'normale'),
(2599, 134, 2, 8.17, 'normale'),
(2600, 134, 3, 17.49, 'normale'),
(2601, 134, 4, 10.11, 'rattrapage'),
(2602, 134, 5, 17.92, 'normale'),
(2603, 134, 6, 9.04, 'normale'),
(2604, 134, 7, 10.22, 'normale'),
(2605, 135, 1, 13.73, 'normale'),
(2606, 135, 2, 8.08, 'rattrapage'),
(2607, 135, 3, 10.83, 'normale'),
(2608, 135, 4, 19.45, 'normale'),
(2609, 135, 5, 14.99, 'normale'),
(2610, 135, 6, 11.14, 'normale'),
(2611, 135, 7, 16.31, 'normale'),
(2612, 136, 1, 16.01, 'rattrapage'),
(2613, 136, 2, 11.68, 'rattrapage'),
(2614, 136, 3, 16.23, 'normale'),
(2615, 136, 4, 16.28, 'normale'),
(2616, 136, 5, 12.41, 'normale'),
(2617, 136, 6, 10.63, 'normale'),
(2618, 136, 7, 13.74, 'rattrapage'),
(2619, 137, 1, 16.97, 'normale'),
(2620, 137, 2, 12.99, 'rattrapage'),
(2621, 137, 3, 17.09, 'normale'),
(2622, 137, 4, 17.14, 'normale'),
(2623, 137, 5, 14.31, 'normale'),
(2624, 137, 6, 8.94, 'normale'),
(2625, 137, 7, 8.74, 'normale'),
(2626, 138, 1, 14.87, 'normale'),
(2627, 138, 2, 9.97, 'rattrapage'),
(2628, 138, 3, 9.39, 'normale'),
(2629, 138, 4, 16.60, 'rattrapage'),
(2630, 138, 5, 9.09, 'rattrapage'),
(2631, 138, 6, 17.70, 'rattrapage'),
(2632, 138, 7, 9.58, 'rattrapage'),
(2633, 139, 1, 13.48, 'normale'),
(2634, 139, 2, 14.71, 'normale'),
(2635, 139, 3, 16.68, 'rattrapage'),
(2636, 139, 4, 11.05, 'normale'),
(2637, 139, 5, 16.95, 'normale'),
(2638, 139, 6, 8.54, 'normale'),
(2639, 139, 7, 16.40, 'normale'),
(2640, 140, 1, 19.21, 'normale'),
(2641, 140, 2, 19.83, 'rattrapage'),
(2642, 140, 3, 8.38, 'rattrapage'),
(2643, 140, 4, 10.16, 'normale'),
(2644, 140, 5, 17.19, 'rattrapage'),
(2645, 140, 6, 12.49, 'rattrapage'),
(2646, 140, 7, 13.38, 'rattrapage'),
(2647, 141, 1, 12.51, 'normale'),
(2648, 141, 2, 15.84, 'normale'),
(2649, 141, 3, 9.42, 'rattrapage'),
(2650, 141, 4, 14.35, 'normale'),
(2651, 141, 5, 18.02, 'normale'),
(2652, 141, 6, 19.74, 'rattrapage'),
(2653, 141, 7, 16.08, 'rattrapage'),
(2654, 142, 1, 14.38, 'normale'),
(2655, 142, 2, 10.97, 'normale'),
(2656, 142, 3, 9.86, 'normale'),
(2657, 142, 4, 19.25, 'normale'),
(2658, 142, 5, 8.39, 'rattrapage'),
(2659, 142, 6, 15.38, 'normale'),
(2660, 142, 7, 10.89, 'normale'),
(2661, 143, 1, 9.21, 'normale'),
(2662, 143, 2, 13.36, 'normale'),
(2663, 143, 3, 10.94, 'normale'),
(2664, 143, 4, 12.83, 'normale'),
(2665, 143, 5, 14.48, 'normale'),
(2666, 143, 6, 9.68, 'normale'),
(2667, 143, 7, 10.81, 'normale'),
(2668, 144, 1, 14.93, 'normale'),
(2669, 144, 2, 10.84, 'normale'),
(2670, 144, 3, 19.83, 'normale'),
(2671, 144, 4, 12.96, 'normale'),
(2672, 144, 5, 8.73, 'normale'),
(2673, 144, 6, 15.51, 'rattrapage'),
(2674, 144, 7, 14.67, 'normale'),
(2675, 145, 1, 19.67, 'rattrapage'),
(2676, 145, 2, 17.43, 'normale'),
(2677, 145, 3, 16.36, 'rattrapage'),
(2678, 145, 4, 9.79, 'rattrapage'),
(2679, 145, 5, 10.21, 'rattrapage'),
(2680, 145, 6, 10.89, 'normale'),
(2681, 145, 7, 11.61, 'normale'),
(2682, 146, 1, 17.67, 'normale'),
(2683, 146, 2, 14.75, 'rattrapage'),
(2684, 146, 3, 14.69, 'normale'),
(2685, 146, 4, 12.66, 'normale'),
(2686, 146, 5, 10.44, 'normale'),
(2687, 146, 6, 19.07, 'normale'),
(2688, 146, 7, 9.11, 'normale'),
(2689, 147, 1, 8.62, 'rattrapage'),
(2690, 147, 2, 16.08, 'normale'),
(2691, 147, 3, 18.48, 'normale'),
(2692, 147, 4, 17.66, 'normale'),
(2693, 147, 5, 13.75, 'normale'),
(2694, 147, 6, 11.64, 'normale'),
(2695, 147, 7, 10.54, 'normale'),
(2696, 148, 1, 19.54, 'normale'),
(2697, 148, 2, 16.96, 'rattrapage'),
(2698, 148, 3, 18.97, 'normale'),
(2699, 148, 4, 12.76, 'normale'),
(2700, 148, 5, 14.62, 'normale'),
(2701, 148, 6, 12.57, 'normale'),
(2702, 148, 7, 11.70, 'normale'),
(2703, 149, 1, 14.15, 'rattrapage'),
(2704, 149, 2, 13.59, 'rattrapage'),
(2705, 149, 3, 17.14, 'normale'),
(2706, 149, 4, 18.97, 'normale'),
(2707, 149, 5, 11.76, 'normale'),
(2708, 149, 6, 14.75, 'normale'),
(2709, 149, 7, 16.90, 'normale'),
(2710, 150, 1, 11.13, 'rattrapage'),
(2711, 150, 2, 11.54, 'normale'),
(2712, 150, 3, 11.96, 'rattrapage'),
(2713, 150, 4, 14.84, 'normale'),
(2714, 150, 5, 13.99, 'normale'),
(2715, 150, 6, 11.09, 'rattrapage'),
(2716, 150, 7, 19.60, 'rattrapage'),
(2717, 151, 1, 13.53, 'normale'),
(2718, 151, 2, 10.03, 'rattrapage'),
(2719, 151, 3, 10.21, 'normale'),
(2720, 151, 4, 14.29, 'normale'),
(2721, 151, 5, 19.34, 'normale'),
(2722, 151, 6, 17.17, 'rattrapage'),
(2723, 151, 7, 9.65, 'normale'),
(2724, 152, 1, 8.82, 'normale'),
(2725, 152, 2, 8.11, 'rattrapage'),
(2726, 152, 3, 12.48, 'rattrapage'),
(2727, 152, 4, 15.91, 'normale'),
(2728, 152, 5, 8.08, 'rattrapage'),
(2729, 152, 6, 8.14, 'normale'),
(2730, 152, 7, 14.43, 'normale'),
(2731, 153, 1, 8.21, 'rattrapage'),
(2732, 153, 2, 17.67, 'normale'),
(2733, 153, 3, 9.28, 'normale'),
(2734, 153, 4, 14.29, 'normale'),
(2735, 153, 5, 10.30, 'normale'),
(2736, 153, 6, 17.78, 'normale'),
(2737, 153, 7, 17.54, 'normale'),
(2738, 154, 1, 12.48, 'rattrapage'),
(2739, 154, 2, 13.51, 'normale'),
(2740, 154, 3, 19.88, 'normale'),
(2741, 154, 4, 11.60, 'normale'),
(2742, 154, 5, 15.84, 'normale'),
(2743, 154, 6, 9.12, 'rattrapage'),
(2744, 154, 7, 12.53, 'rattrapage'),
(2745, 155, 1, 8.67, 'normale'),
(2746, 155, 2, 16.43, 'normale'),
(2747, 155, 3, 14.00, 'rattrapage'),
(2748, 155, 4, 15.74, 'normale'),
(2749, 155, 5, 14.79, 'normale'),
(2750, 155, 6, 18.74, 'normale'),
(2751, 155, 7, 10.76, 'rattrapage'),
(2752, 156, 1, 11.25, 'normale'),
(2753, 156, 2, 16.21, 'normale'),
(2754, 156, 3, 18.79, 'normale'),
(2755, 156, 4, 10.15, 'normale'),
(2756, 156, 5, 8.19, 'normale'),
(2757, 156, 6, 15.04, 'rattrapage'),
(2758, 156, 7, 19.15, 'normale'),
(2759, 157, 1, 9.95, 'normale'),
(2760, 157, 2, 14.80, 'rattrapage'),
(2761, 157, 3, 16.12, 'normale'),
(2762, 157, 4, 12.61, 'normale'),
(2763, 157, 5, 17.49, 'normale'),
(2764, 157, 6, 14.01, 'normale'),
(2765, 157, 7, 8.64, 'rattrapage'),
(2766, 158, 1, 10.79, 'normale'),
(2767, 158, 2, 12.09, 'rattrapage'),
(2768, 158, 3, 19.63, 'normale'),
(2769, 158, 4, 8.36, 'normale'),
(2770, 158, 5, 17.40, 'rattrapage'),
(2771, 158, 6, 13.89, 'normale'),
(2772, 158, 7, 14.64, 'rattrapage'),
(2773, 159, 1, 13.18, 'rattrapage'),
(2774, 159, 2, 9.03, 'normale'),
(2775, 159, 3, 17.58, 'normale'),
(2776, 159, 4, 8.98, 'normale'),
(2777, 159, 5, 12.56, 'normale'),
(2778, 159, 6, 16.88, 'normale'),
(2779, 159, 7, 12.33, 'normale'),
(2780, 160, 1, 8.06, 'normale'),
(2781, 160, 2, 13.34, 'normale'),
(2782, 160, 3, 9.23, 'normale'),
(2783, 160, 4, 10.25, 'rattrapage'),
(2784, 160, 5, 14.68, 'rattrapage'),
(2785, 160, 6, 9.24, 'normale'),
(2786, 160, 7, 12.25, 'normale'),
(2787, 161, 1, 15.16, 'normale'),
(2788, 161, 2, 18.36, 'normale'),
(2789, 161, 3, 11.50, 'rattrapage'),
(2790, 161, 4, 17.35, 'normale'),
(2791, 161, 5, 14.86, 'normale'),
(2792, 161, 6, 16.22, 'normale'),
(2793, 161, 7, 9.67, 'normale'),
(2794, 162, 1, 11.22, 'normale'),
(2795, 162, 2, 8.76, 'rattrapage'),
(2796, 162, 3, 11.31, 'normale'),
(2797, 162, 4, 13.81, 'normale'),
(2798, 162, 5, 12.33, 'normale'),
(2799, 162, 6, 16.65, 'rattrapage'),
(2800, 162, 7, 15.13, 'normale'),
(2801, 163, 1, 13.49, 'normale'),
(2802, 163, 2, 11.66, 'rattrapage'),
(2803, 163, 3, 11.99, 'rattrapage'),
(2804, 163, 4, 17.65, 'normale'),
(2805, 163, 5, 13.28, 'rattrapage'),
(2806, 163, 6, 17.79, 'normale'),
(2807, 163, 7, 11.61, 'normale'),
(2808, 164, 1, 13.75, 'normale'),
(2809, 164, 2, 19.57, 'normale'),
(2810, 164, 3, 11.50, 'rattrapage'),
(2811, 164, 4, 19.61, 'normale'),
(2812, 164, 5, 11.91, 'normale'),
(2813, 164, 6, 17.80, 'rattrapage'),
(2814, 164, 7, 12.38, 'normale'),
(2815, 165, 1, 15.11, 'normale'),
(2816, 165, 2, 16.18, 'normale'),
(2817, 165, 3, 19.44, 'rattrapage'),
(2818, 165, 4, 19.32, 'normale'),
(2819, 165, 5, 13.26, 'normale'),
(2820, 165, 6, 17.98, 'normale'),
(2821, 165, 7, 17.83, 'rattrapage'),
(2822, 166, 1, 16.08, 'normale'),
(2823, 166, 2, 15.60, 'normale'),
(2824, 166, 3, 11.03, 'normale'),
(2825, 166, 4, 16.58, 'rattrapage'),
(2826, 166, 5, 8.89, 'rattrapage'),
(2827, 166, 6, 14.99, 'rattrapage'),
(2828, 166, 7, 14.52, 'normale'),
(2829, 167, 1, 16.42, 'normale'),
(2830, 167, 2, 9.31, 'normale'),
(2831, 167, 3, 15.89, 'normale'),
(2832, 167, 4, 10.00, 'normale'),
(2833, 167, 5, 14.76, 'rattrapage'),
(2834, 167, 6, 19.60, 'normale'),
(2835, 167, 7, 19.59, 'rattrapage'),
(2836, 168, 1, 9.27, 'normale'),
(2837, 168, 2, 11.10, 'normale'),
(2838, 168, 3, 13.35, 'rattrapage'),
(2839, 168, 4, 13.56, 'normale'),
(2840, 168, 5, 12.14, 'normale'),
(2841, 168, 6, 13.79, 'normale'),
(2842, 168, 7, 12.99, 'normale'),
(2843, 169, 1, 9.39, 'normale'),
(2844, 169, 2, 12.18, 'normale'),
(2845, 169, 3, 13.46, 'normale'),
(2846, 169, 4, 14.25, 'normale'),
(2847, 169, 5, 13.71, 'rattrapage'),
(2848, 169, 6, 16.66, 'rattrapage'),
(2849, 169, 7, 11.83, 'normale'),
(2850, 170, 1, 8.54, 'normale'),
(2851, 170, 2, 8.27, 'normale'),
(2852, 170, 3, 15.78, 'normale'),
(2853, 170, 4, 19.16, 'normale'),
(2854, 170, 5, 14.19, 'normale'),
(2855, 170, 6, 11.97, 'rattrapage'),
(2856, 170, 7, 19.50, 'normale'),
(2857, 171, 1, 17.57, 'normale'),
(2858, 171, 2, 10.24, 'rattrapage'),
(2859, 171, 3, 12.75, 'normale'),
(2860, 171, 4, 13.39, 'rattrapage'),
(2861, 171, 5, 12.67, 'normale'),
(2862, 171, 6, 10.47, 'normale'),
(2863, 171, 7, 14.93, 'normale'),
(2864, 172, 1, 12.39, 'normale'),
(2865, 172, 2, 13.49, 'normale'),
(2866, 172, 3, 16.05, 'rattrapage'),
(2867, 172, 4, 14.33, 'normale'),
(2868, 172, 5, 15.16, 'rattrapage'),
(2869, 172, 6, 15.04, 'normale'),
(2870, 172, 7, 12.22, 'rattrapage'),
(2871, 173, 1, 15.41, 'normale'),
(2872, 173, 2, 19.02, 'normale'),
(2873, 173, 3, 16.07, 'normale'),
(2874, 173, 4, 9.41, 'normale'),
(2875, 173, 5, 9.40, 'normale'),
(2876, 173, 6, 16.32, 'rattrapage'),
(2877, 173, 7, 13.02, 'normale'),
(2878, 174, 1, 14.90, 'rattrapage'),
(2879, 174, 2, 10.23, 'normale'),
(2880, 174, 3, 14.66, 'rattrapage'),
(2881, 174, 4, 11.47, 'normale'),
(2882, 174, 5, 11.77, 'rattrapage'),
(2883, 174, 6, 15.43, 'normale'),
(2884, 174, 7, 19.42, 'rattrapage'),
(2885, 175, 1, 9.64, 'rattrapage'),
(2886, 175, 2, 19.57, 'rattrapage'),
(2887, 175, 3, 12.91, 'rattrapage'),
(2888, 175, 4, 12.99, 'rattrapage'),
(2889, 175, 5, 13.86, 'normale'),
(2890, 175, 6, 14.78, 'normale'),
(2891, 175, 7, 11.51, 'normale'),
(2892, 176, 1, 10.70, 'normale'),
(2893, 176, 2, 10.02, 'rattrapage'),
(2894, 176, 3, 14.79, 'rattrapage'),
(2895, 176, 4, 14.60, 'normale'),
(2896, 176, 5, 14.87, 'normale'),
(2897, 176, 6, 17.30, 'normale'),
(2898, 176, 7, 14.50, 'normale'),
(2899, 177, 1, 17.12, 'rattrapage'),
(2900, 177, 2, 14.56, 'rattrapage'),
(2901, 177, 3, 9.23, 'normale'),
(2902, 177, 4, 11.57, 'normale'),
(2903, 177, 5, 13.40, 'normale'),
(2904, 177, 6, 18.35, 'normale'),
(2905, 177, 7, 13.27, 'normale'),
(2906, 178, 1, 17.31, 'normale'),
(2907, 178, 2, 10.52, 'normale'),
(2908, 178, 3, 18.33, 'rattrapage'),
(2909, 178, 4, 9.99, 'normale'),
(2910, 178, 5, 17.42, 'normale'),
(2911, 178, 6, 17.67, 'normale'),
(2912, 178, 7, 14.39, 'normale'),
(2913, 179, 1, 11.88, 'normale'),
(2914, 179, 2, 11.47, 'normale'),
(2915, 179, 3, 19.43, 'normale'),
(2916, 179, 4, 9.63, 'rattrapage'),
(2917, 179, 5, 19.03, 'normale'),
(2918, 179, 6, 18.40, 'normale'),
(2919, 179, 7, 16.42, 'normale'),
(2920, 180, 1, 11.00, 'normale'),
(2921, 180, 2, 17.94, 'rattrapage'),
(2922, 180, 3, 13.87, 'normale'),
(2923, 180, 4, 15.53, 'rattrapage'),
(2924, 180, 5, 13.42, 'normale'),
(2925, 180, 6, 12.83, 'normale'),
(2926, 180, 7, 16.34, 'normale'),
(2927, 181, 1, 13.46, 'rattrapage'),
(2928, 181, 2, 11.93, 'normale'),
(2929, 181, 3, 18.43, 'normale'),
(2930, 181, 4, 16.77, 'rattrapage'),
(2931, 181, 5, 15.62, 'normale'),
(2932, 181, 6, 18.20, 'rattrapage'),
(2933, 181, 7, 10.61, 'rattrapage'),
(2934, 182, 1, 17.90, 'rattrapage'),
(2935, 182, 2, 11.22, 'normale'),
(2936, 182, 3, 12.05, 'normale'),
(2937, 182, 4, 14.79, 'rattrapage'),
(2938, 182, 5, 17.46, 'normale'),
(2939, 182, 6, 8.55, 'rattrapage'),
(2940, 182, 7, 8.20, 'normale'),
(2941, 183, 1, 13.30, 'normale'),
(2942, 183, 2, 19.90, 'rattrapage'),
(2943, 183, 3, 10.43, 'normale'),
(2944, 183, 4, 18.59, 'normale'),
(2945, 183, 5, 9.91, 'normale'),
(2946, 183, 6, 9.12, 'normale'),
(2947, 183, 7, 11.00, 'normale'),
(2948, 184, 1, 15.97, 'normale'),
(2949, 184, 2, 8.62, 'normale'),
(2950, 184, 3, 16.71, 'normale'),
(2951, 184, 4, 13.15, 'normale'),
(2952, 184, 5, 16.44, 'normale'),
(2953, 184, 6, 10.56, 'normale'),
(2954, 184, 7, 9.59, 'normale'),
(2955, 185, 1, 14.23, 'rattrapage'),
(2956, 185, 2, 8.11, 'normale'),
(2957, 185, 3, 17.81, 'rattrapage'),
(2958, 185, 4, 16.33, 'rattrapage'),
(2959, 185, 5, 8.85, 'rattrapage'),
(2960, 185, 6, 9.07, 'normale'),
(2961, 185, 7, 9.24, 'normale'),
(2962, 186, 1, 18.57, 'normale'),
(2963, 186, 2, 12.59, 'normale'),
(2964, 186, 3, 15.70, 'normale'),
(2965, 186, 4, 8.82, 'normale'),
(2966, 186, 5, 15.32, 'normale'),
(2967, 186, 6, 13.28, 'normale'),
(2968, 186, 7, 15.54, 'normale'),
(2969, 187, 1, 19.04, 'rattrapage'),
(2970, 187, 2, 18.32, 'normale'),
(2971, 187, 3, 18.76, 'normale'),
(2972, 187, 4, 17.03, 'rattrapage'),
(2973, 187, 5, 12.22, 'rattrapage'),
(2974, 187, 6, 11.77, 'normale'),
(2975, 187, 7, 10.97, 'normale'),
(2976, 188, 1, 10.98, 'normale'),
(2977, 188, 2, 17.35, 'normale'),
(2978, 188, 3, 18.17, 'normale'),
(2979, 188, 4, 10.47, 'normale'),
(2980, 188, 5, 16.97, 'normale'),
(2981, 188, 6, 15.75, 'normale'),
(2982, 188, 7, 13.94, 'normale'),
(2983, 189, 1, 10.89, 'normale'),
(2984, 189, 2, 14.34, 'normale'),
(2985, 189, 3, 19.84, 'normale'),
(2986, 189, 4, 9.58, 'rattrapage'),
(2987, 189, 5, 12.38, 'normale'),
(2988, 189, 6, 17.15, 'normale'),
(2989, 189, 7, 8.20, 'normale'),
(2990, 190, 1, 8.17, 'normale'),
(2991, 190, 2, 8.48, 'normale'),
(2992, 190, 3, 19.38, 'rattrapage'),
(2993, 190, 4, 14.08, 'rattrapage'),
(2994, 190, 5, 13.08, 'rattrapage'),
(2995, 190, 6, 8.99, 'normale'),
(2996, 190, 7, 11.33, 'normale'),
(2997, 191, 1, 8.95, 'normale'),
(2998, 191, 2, 19.69, 'normale'),
(2999, 191, 3, 14.44, 'rattrapage'),
(3000, 191, 4, 15.04, 'normale'),
(3001, 191, 5, 11.72, 'rattrapage'),
(3002, 191, 6, 16.76, 'normale'),
(3003, 191, 7, 8.69, 'normale'),
(3004, 192, 1, 19.10, 'normale'),
(3005, 192, 2, 13.44, 'normale'),
(3006, 192, 3, 11.71, 'normale'),
(3007, 192, 4, 9.43, 'normale'),
(3008, 192, 5, 16.42, 'normale'),
(3009, 192, 6, 13.96, 'normale'),
(3010, 192, 7, 14.28, 'normale'),
(3011, 193, 1, 10.00, 'normale'),
(3012, 193, 2, 17.00, 'normale'),
(3013, 193, 3, 16.80, 'normale'),
(3014, 193, 4, 17.26, 'normale'),
(3015, 193, 5, 12.02, 'rattrapage'),
(3016, 193, 6, 11.26, 'normale'),
(3017, 193, 7, 11.16, 'normale'),
(3018, 194, 1, 13.95, 'normale'),
(3019, 194, 2, 8.67, 'normale'),
(3020, 194, 3, 12.41, 'normale'),
(3021, 194, 4, 17.28, 'normale'),
(3022, 194, 5, 10.74, 'normale'),
(3023, 194, 6, 8.53, 'normale'),
(3024, 194, 7, 10.93, 'rattrapage'),
(3025, 195, 1, 12.37, 'normale'),
(3026, 195, 2, 10.15, 'normale'),
(3027, 195, 3, 14.63, 'rattrapage'),
(3028, 195, 4, 10.69, 'normale'),
(3029, 195, 5, 13.00, 'normale'),
(3030, 195, 6, 11.26, 'normale'),
(3031, 195, 7, 14.86, 'normale');

--
-- Index pour les tables déchargées
--

--
-- Index pour la table `admin`
--
ALTER TABLE `admin`
  ADD PRIMARY KEY (`id`);

--
-- Index pour la table `enseignants`
--
ALTER TABLE `enseignants`
  ADD PRIMARY KEY (`id`);

--
-- Index pour la table `etudiant`
--
ALTER TABLE `etudiant`
  ADD PRIMARY KEY (`id`);

--
-- Index pour la table `modules`
--
ALTER TABLE `modules`
  ADD PRIMARY KEY (`id`),
  ADD KEY `fk_modules_enseignant` (`enseignant_id`);

--
-- Index pour la table `notes`
--
ALTER TABLE `notes`
  ADD PRIMARY KEY (`id`),
  ADD KEY `fk_notes_module` (`module_id`);

--
-- AUTO_INCREMENT pour les tables déchargées
--

--
-- AUTO_INCREMENT pour la table `admin`
--
ALTER TABLE `admin`
  MODIFY `id` int(11) NOT NULL AUTO_INCREMENT, AUTO_INCREMENT=2;

--
-- AUTO_INCREMENT pour la table `enseignants`
--
ALTER TABLE `enseignants`
  MODIFY `id` int(11) NOT NULL AUTO_INCREMENT, AUTO_INCREMENT=8;

--
-- AUTO_INCREMENT pour la table `etudiant`
--
ALTER TABLE `etudiant`
  MODIFY `id` int(11) NOT NULL AUTO_INCREMENT, AUTO_INCREMENT=196;

--
-- AUTO_INCREMENT pour la table `modules`
--
ALTER TABLE `modules`
  MODIFY `id` int(11) NOT NULL AUTO_INCREMENT, AUTO_INCREMENT=8;

--
-- AUTO_INCREMENT pour la table `notes`
--
ALTER TABLE `notes`
  MODIFY `id` int(11) NOT NULL AUTO_INCREMENT, AUTO_INCREMENT=3032;

--
-- Contraintes pour les tables déchargées
--

--
-- Contraintes pour la table `modules`
--
ALTER TABLE `modules`
  ADD CONSTRAINT `fk_modules_enseignant` FOREIGN KEY (`enseignant_id`) REFERENCES `enseignants` (`id`);

--
-- Contraintes pour la table `notes`
--
ALTER TABLE `notes`
  ADD CONSTRAINT `fk_notes_etudiant` FOREIGN KEY (`etudiant_id`) REFERENCES `etudiant` (`id`),
  ADD CONSTRAINT `fk_notes_module` FOREIGN KEY (`module_id`) REFERENCES `modules` (`id`);
COMMIT;

/*!40101 SET CHARACTER_SET_CLIENT=@OLD_CHARACTER_SET_CLIENT */;
/*!40101 SET CHARACTER_SET_RESULTS=@OLD_CHARACTER_SET_RESULTS */;
/*!40101 SET COLLATION_CONNECTION=@OLD_COLLATION_CONNECTION */;
